sample-id,absolute-filepath,direction
SED00001,$PWDa/trimmed/H06402-L1_S332_L001_R1_001.fastq,forward
SED00002,$PWDa/trimmed/H06403-L1_S333_L001_R1_001.fastq,forward
SED00003,$PWDa/trimmed/H06404-L1_S334_L001_R1_001.fastq,forward
SED00004,$PWDa/trimmed/H06405-L1_S335_L001_R1_001.fastq,forward
SED00005,$PWDa/trimmed/H06406-L1_S336_L001_R1_001.fastq,forward
SED00006,$PWDa/trimmed/H06407-L1_S337_L001_R1_001.fastq,forward
SED00007,$PWDa/trimmed/H06408-L1_S338_L001_R1_001.fastq,forward
SED00008,$PWDa/trimmed/H06409-L1_S339_L001_R1_001.fastq,forward
SED00009,$PWDa/trimmed/H06410-L1_S340_L001_R1_001.fastq,forward
SED00010,$PWDa/trimmed/H06411-L1_S341_L001_R1_001.fastq,forward
SED00011,$PWDa/trimmed/H06412-L1_S342_L001_R1_001.fastq,forward
SED00012,$PWDa/trimmed/H06413-L1_S343_L001_R1_001.fastq,forward
SED00013,$PWDa/trimmed/H06414-L1_S344_L001_R1_001.fastq,forward
SED00014,$PWDa/trimmed/H06415-L1_S345_L001_R1_001.fastq,forward
SED00015,$PWDa/trimmed/H06416-L1_S346_L001_R1_001.fastq,forward
SED00016,$PWDa/trimmed/H06417-L1_S347_L001_R1_001.fastq,forward
SED00017,$PWDa/trimmed/SED-00017_S277_L001_R1_001.fastq,forward
SED00018,$PWDa/trimmed/SED-00018_S278_L001_R1_001.fastq,forward
SED00019,$PWDa/trimmed/SED-00019_S279_L001_R1_001.fastq,forward
SED00020,$PWDa/trimmed/SED-00020_S280_L001_R1_001.fastq,forward
SED00021,$PWDa/trimmed/SED-00021_S281_L001_R1_001.fastq,forward
SED00022,$PWDa/trimmed/SED-00022_S282_L001_R1_001.fastq,forward
SED00023,$PWDa/trimmed/SED-00023_S283_L001_R1_001.fastq,forward
SED00024,$PWDa/trimmed/I07869-L1_S1_L001_R1_001.fastq,forward
SED00025,$PWDa/trimmed/SED-00025_S285_L001_R1_001.fastq,forward
SED00026,$PWDa/trimmed/I07870-L1_S2_L001_R1_001.fastq,forward
SED00027,$PWDa/trimmed/SED-00027_S287_L001_R1_001.fastq,forward
SED00028,$PWDa/trimmed/I07871-L1_S3_L001_R1_001.fastq,forward
SED00029,$PWDa/trimmed/I07872-L1_S4_L001_R1_001.fastq,forward
SED00030,$PWDa/trimmed/I07873-L1_S5_L001_R1_001.fastq,forward
SED00031,$PWDa/trimmed/I07874-L1_S6_L001_R1_001.fastq,forward
SED00032,$PWDa/trimmed/SED-00032_S292_L001_R1_001.fastq,forward
SED00033,$PWDa/trimmed/SED-00033_S293_L001_R1_001.fastq,forward
SED00034,$PWDa/trimmed/SED-00034_S294_L001_R1_001.fastq,forward
SED00035,$PWDa/trimmed/SED-00035_S295_L001_R1_001.fastq,forward
SED00036,$PWDa/trimmed/SED-00036_S296_L001_R1_001.fastq,forward
SED00037,$PWDa/trimmed/SED-00037_S297_L001_R1_001.fastq,forward
SED00038,$PWDa/trimmed/SED-00038_S361_L001_R1_001.fastq,forward
SED00039,$PWDa/trimmed/SED-00039_S362_L001_R1_001.fastq,forward
SED00040,$PWDa/trimmed/SED-00040_S363_L001_R1_001.fastq,forward
SED00044,$PWDa/trimmed/H24036-L1_S91_L001_R1_001.fastq,forward
SED00045,$PWDa/trimmed/H24037-L1_S92_L001_R1_001.fastq,forward
SED00046,$PWDa/trimmed/H24038-L1_S93_L001_R1_001.fastq,forward
SED00047,$PWDa/trimmed/H24039-L1_S94_L001_R1_001.fastq,forward
SED00048,$PWDa/trimmed/H24040-L1_S95_L001_R1_001.fastq,forward
SED00049,$PWDa/trimmed/H24041-L1_S96_L001_R1_001.fastq,forward
SED00041,$PWDa/trimmed/H24042-L1_S97_L001_R1_001.fastq,forward
SED00042,$PWDa/trimmed/H24043-L1_S98_L001_R1_001.fastq,forward
SED00043,$PWDa/trimmed/H24044-L1_S99_L001_R1_001.fastq,forward
SED00050,$PWDa/trimmed/I07789-L1_S305_L001_R1_001.fastq,forward
SED00051,$PWDa/trimmed/I07790-L1_S306_L001_R1_001.fastq,forward
SED00052,$PWDa/trimmed/I07791-L1_S307_L001_R1_001.fastq,forward
SED00053,$PWDa/trimmed/I07792-L1_S308_L001_R1_001.fastq,forward
SED00054,$PWDa/trimmed/I07793-L1_S309_L001_R1_001.fastq,forward
SED00055,$PWDa/trimmed/I07794-L1_S310_L001_R1_001.fastq,forward
SED00056,$PWDa/trimmed/I07795-L1_S311_L001_R1_001.fastq,forward
SED00057,$PWDa/trimmed/I07796-L1_S312_L001_R1_001.fastq,forward
SED00058,$PWDa/trimmed/I07797-L1_S313_L001_R1_001.fastq,forward
SED00059,$PWDa/trimmed/I07798-L1_S314_L001_R1_001.fastq,forward
SED00060,$PWDa/trimmed/I07799-L1_S315_L001_R1_001.fastq,forward
SED00061,$PWDa/trimmed/I07800-L1_S316_L001_R1_001.fastq,forward
SED00062,$PWDa/trimmed/I07801-L1_S317_L001_R1_001.fastq,forward
SED00063,$PWDa/trimmed/I07802-L1_S318_L001_R1_001.fastq,forward
SED00065,$PWDa/trimmed/I07804-L1_S320_L001_R1_001.fastq,forward
SED00066,$PWDa/trimmed/I07805-L1_S321_L001_R1_001.fastq,forward
SED00067,$PWDa/trimmed/I07806-L1_S322_L001_R1_001.fastq,forward
SED00068,$PWDa/trimmed/I07807-L1_S323_L001_R1_001.fastq,forward
SED00069,$PWDa/trimmed/I07808-L1_S324_L001_R1_001.fastq,forward
SED00070,$PWDa/trimmed/I07809-L1_S325_L001_R1_001.fastq,forward
SED00071,$PWDa/trimmed/I07810-L1_S326_L001_R1_001.fastq,forward
SED00072,$PWDa/trimmed/I07811-L1_S327_L001_R1_001.fastq,forward
SED00073,$PWDa/trimmed/H31779-L1_S84_L001_R1_001.fastq,forward
SED00074,$PWDa/trimmed/H31787-L1_S92_L001_R1_001.fastq,forward
SED00075,$PWDa/trimmed/H31700-L1_S5_L001_R1_001.fastq,forward
SED00076,$PWDa/trimmed/H31708-L1_S13_L001_R1_001.fastq,forward
SED00077,$PWDa/trimmed/H31716-L1_S21_L001_R1_001.fastq,forward
SED00078,$PWDa/trimmed/H31724-L1_S29_L001_R1_001.fastq,forward
SED00079,$PWDa/trimmed/H31732-L1_S37_L001_R1_001.fastq,forward
SED00080,$PWDa/trimmed/H31740-L1_S45_L001_R1_001.fastq,forward
SED00081,$PWDa/trimmed/H31748-L1_S53_L001_R1_001.fastq,forward
SED00082,$PWDa/trimmed/H31756-L1_S61_L001_R1_001.fastq,forward
SED00083,$PWDa/trimmed/H31764-L1_S69_L001_R1_001.fastq,forward
SED00084,$PWDa/trimmed/H31772-L1_S77_L001_R1_001.fastq,forward
SED00085,$PWDa/trimmed/I08236-L1_S368_L001_R1_001.fastq,forward
SED00086,$PWDa/trimmed/I08237-L1_S369_L001_R1_001.fastq,forward
SED00087,$PWDa/trimmed/I08238-L1_S370_L001_R1_001.fastq,forward
SED00088,$PWDa/trimmed/I01841-L1_S103_L001_R1_001.fastq,forward
SED00089,$PWDa/trimmed/I01842-L1_S104_L001_R1_001.fastq,forward
SED00090,$PWDa/trimmed/I01843-L1_S105_L001_R1_001.fastq,forward
SED00091,$PWDa/trimmed/I01844-L1_S106_L001_R1_001.fastq,forward
SED00092,$PWDa/trimmed/I01845-L1_S107_L001_R1_001.fastq,forward
SED00093,$PWDa/trimmed/I01846-L1_S108_L001_R1_001.fastq,forward
SEDI092,$PWDa/trimmed/H06333-L1_S263_L001_R1_001.fastq,forward
SEDI093,$PWDa/trimmed/H06337-L1_S267_L001_R1_001.fastq,forward
SEDI094,$PWDa/trimmed/H06340-L1_S270_L001_R1_001.fastq,forward
SEDI154,$PWDa/trimmed/H06085-L1_S15_L001_R1_001.fastq,forward
SEDI155,$PWDa/trimmed/H06089-L1_S19_L001_R1_001.fastq,forward
SEDI197,$PWDa/trimmed/H06136-L1_S66_L001_R1_001.fastq,forward
SEDI198,$PWDa/trimmed/H06139-L1_S69_L001_R1_001.fastq,forward
SEDI200,$PWDa/trimmed/H06143-L1_S73_L001_R1_001.fastq,forward
SEDI208,$PWDa/trimmed/H06155-L1_S85_L001_R1_001.fastq,forward
BS033,$PWDa/trimmed/I29403-L1_S278_L001_R1_001.fastq,forward
BS038,$PWDa/trimmed/I29409-L1_S284_L001_R1_001.fastq,forward
BS053,$PWDa/trimmed/I29427-L1_S302_L001_R1_001.fastq,forward
BS055,$PWDa/trimmed/I29429-L1_S304_L001_R1_001.fastq,forward
BS060,$PWDa/trimmed/I29434-L1_S309_L001_R1_001.fastq,forward
BS061,$PWDa/trimmed/I29435-L1_S310_L001_R1_001.fastq,forward
BS068,$PWDa/trimmed/I29442-L1_S317_L001_R1_001.fastq,forward
BS076,$PWDa/trimmed/I29450-L1_S325_L001_R1_001.fastq,forward
BS077,$PWDa/trimmed/I29451-L1_S326_L001_R1_001.fastq,forward
BS087,$PWDa/trimmed/I29462-L1_S337_L001_R1_001.fastq,forward
BS097,$PWDa/trimmed/I29471-L1_S346_L001_R1_001.fastq,forward
BS108,$PWDa/trimmed/I29481-L1_S356_L001_R1_001.fastq,forward
SW00001,$PWDa/trimmed/H06250-L1_S180_L001_R1_001.fastq,forward
SW00002,$PWDa/trimmed/H06251-L1_S181_L001_R1_001.fastq,forward
SW00003,$PWDa/trimmed/H06252-L1_S182_L001_R1_001.fastq,forward
SW00004,$PWDa/trimmed/H06253-L1_S183_L001_R1_001.fastq,forward
SW00005,$PWDa/trimmed/H06254-L1_S184_L001_R1_001.fastq,forward
SW00006,$PWDa/trimmed/I08216-L1_S348_L001_R1_001.fastq,forward
SW00007,$PWDa/trimmed/I08214-L1_S346_L001_R1_001.fastq,forward
SW00066,$PWDa/trimmed/SW00066_S225_L001_R1_001.fastq,forward
SW00067,$PWDa/trimmed/SW00067_S226_L001_R1_001.fastq,forward
SW00068,$PWDa/trimmed/SW00068_S227_L001_R1_001.fastq,forward
SW00008,$PWDa/trimmed/SW-00008_S233_L001_R1_001.fastq,forward
SW00009,$PWDa/trimmed/I07875-L1_S7_L001_R1_001.fastq,forward
SW00010,$PWDa/trimmed/SW-00010_S235_L001_R1_001.fastq,forward
SW00011,$PWDa/trimmed/SW-00011_S236_L001_R1_001.fastq,forward
SW00012,$PWDa/trimmed/SW-00012_S237_L001_R1_001.fastq,forward
SW00013,$PWDa/trimmed/SW-00013_S238_L001_R1_001.fastq,forward
SW00014,$PWDa/trimmed/SW-00014_S239_L001_R1_001.fastq,forward
SW00015,$PWDa/trimmed/SW-00015_S240_L001_R1_001.fastq,forward
SW00016,$PWDa/trimmed/I07877-L1_S9_L001_R1_001.fastq,forward
SW00017,$PWDa/trimmed/SW-00017_S242_L001_R1_001.fastq,forward
SW00018,$PWDa/trimmed/SW-00018_S243_L001_R1_001.fastq,forward
SW00019,$PWDa/trimmed/SW-00019_S244_L001_R1_001.fastq,forward
SW00020,$PWDa/trimmed/SW-00020_S245_L001_R1_001.fastq,forward
SW00021,$PWDa/trimmed/I07878-L1_S10_L001_R1_001.fastq,forward
SW00022,$PWDa/trimmed/I07879-L1_S11_L001_R1_001.fastq,forward
SW00023,$PWDa/trimmed/I07880-L1_S12_L001_R1_001.fastq,forward
SW00024,$PWDa/trimmed/SW-00024_S249_L001_R1_001.fastq,forward
SW00025,$PWDa/trimmed/SW-00025_S250_L001_R1_001.fastq,forward
SW00069,$PWDa/trimmed/SW00069_S230_L001_R1_001.fastq,forward
SW00070,$PWDa/trimmed/SW00070_S231_L001_R1_001.fastq,forward
SW00071,$PWDa/trimmed/SW00071_S232_L001_R1_001.fastq,forward
SW00026,$PWDa/trimmed/SW-00026_S251_L001_R1_001.fastq,forward
SW00027,$PWDa/trimmed/SW-00027_S252_L001_R1_001.fastq,forward
SW00028,$PWDa/trimmed/I07882-L1_S14_L001_R1_001.fastq,forward
SW00032,$PWDa/trimmed/SW-00032_S257_L001_R1_001.fastq,forward
SW00033,$PWDa/trimmed/SW-00033_S258_L001_R1_001.fastq,forward
SW00034,$PWDa/trimmed/SW-00034_S259_L001_R1_001.fastq,forward
SW00035,$PWDa/trimmed/SW-00035_S260_L001_R1_001.fastq,forward
SW00036,$PWDa/trimmed/SW-00036_S261_L001_R1_001.fastq,forward
SW00037,$PWDa/trimmed/SW-00037_S262_L001_R1_001.fastq,forward
SW00038,$PWDa/trimmed/SW-00038_S263_L001_R1_001.fastq,forward
SW00039,$PWDa/trimmed/SW-00039_S264_L001_R1_001.fastq,forward
SW00040,$PWDa/trimmed/SW-00040_S265_L001_R1_001.fastq,forward
SW00041,$PWDa/trimmed/SW-00041_S266_L001_R1_001.fastq,forward
SW00042,$PWDa/trimmed/SW-00042_S267_L001_R1_001.fastq,forward
SW00043,$PWDa/trimmed/SW-00043_S268_L001_R1_001.fastq,forward
SW00044,$PWDa/trimmed/SW-00044_S269_L001_R1_001.fastq,forward
SW00045,$PWDa/trimmed/SW-00045_S270_L001_R1_001.fastq,forward
SW00046,$PWDa/trimmed/SW-00046_S271_L001_R1_001.fastq,forward
SW00047,$PWDa/trimmed/SW-00047_S272_L001_R1_001.fastq,forward
SW00048,$PWDa/trimmed/SW-00048_S273_L001_R1_001.fastq,forward
SW00049,$PWDa/trimmed/I07883-L1_S15_L001_R1_001.fastq,forward
SW00050,$PWDa/trimmed/SW00050_S306_L001_R1_001.fastq,forward
SW00051,$PWDa/trimmed/SW00051_S307_L001_R1_001.fastq,forward
SW00052,$PWDa/trimmed/SW00052_S308_L001_R1_001.fastq,forward
SW00053,$PWDa/trimmed/SW00053_S309_L001_R1_001.fastq,forward
SW00054,$PWDa/trimmed/SW00054_S310_L001_R1_001.fastq,forward
SW00055,$PWDa/trimmed/SW00055_S311_L001_R1_001.fastq,forward
SW00056,$PWDa/trimmed/SW00056_S312_L001_R1_001.fastq,forward
SW00057,$PWDa/trimmed/SW00057_S313_L001_R1_001.fastq,forward
SW00058,$PWDa/trimmed/SW00058_S314_L001_R1_001.fastq,forward
SW00059,$PWDa/trimmed/SW00059_S315_L001_R1_001.fastq,forward
SW00060,$PWDa/trimmed/SW00060_S316_L001_R1_001.fastq,forward
SW00061,$PWDa/trimmed/SW00061_S317_L001_R1_001.fastq,forward
SW00062,$PWDa/trimmed/SW00062_S318_L001_R1_001.fastq,forward
SW00063,$PWDa/trimmed/SW00063_S319_L001_R1_001.fastq,forward
SW00064,$PWDa/trimmed/SW00064_S320_L001_R1_001.fastq,forward
SW00065,$PWDa/trimmed/SW00065_S321_L001_R1_001.fastq,forward
SW00072,$PWDa/trimmed/SW00072_S359_L001_R1_001.fastq,forward
SW00073,$PWDa/trimmed/SW00073_S360_L001_R1_001.fastq,forward
SW00074,$PWDa/trimmed/H24045-L1_S100_L001_R1_001.fastq,forward
SW00075,$PWDa/trimmed/H24046-L1_S101_L001_R1_001.fastq,forward
SW00076,$PWDa/trimmed/H24047-L1_S102_L001_R1_001.fastq,forward
SW00077,$PWDa/trimmed/H24048-L1_S103_L001_R1_001.fastq,forward
SW00078,$PWDa/trimmed/H24049-L1_S104_L001_R1_001.fastq,forward
SW00079,$PWDa/trimmed/H24050-L1_S105_L001_R1_001.fastq,forward
SW00080,$PWDa/trimmed/H24051-L1_S106_L001_R1_001.fastq,forward
SW00081,$PWDa/trimmed/H24052-L1_S107_L001_R1_001.fastq,forward
SW00082,$PWDa/trimmed/H24053-L1_S108_L001_R1_001.fastq,forward
SW00083,$PWDa/trimmed/H24054-L1_S109_L001_R1_001.fastq,forward
SW00084,$PWDa/trimmed/H24055-L1_S110_L001_R1_001.fastq,forward
SW00085,$PWDa/trimmed/H24056-L1_S111_L001_R1_001.fastq,forward
SW00086,$PWDa/trimmed/H24057-L1_S112_L001_R1_001.fastq,forward
SW00087,$PWDa/trimmed/H24058-L1_S113_L001_R1_001.fastq,forward
SW00088,$PWDa/trimmed/I07485-L1_S1_L001_R1_001.fastq,forward
SW00089,$PWDa/trimmed/H30164-L1_S10_L001_R1_001.fastq,forward
SW00090,$PWDa/trimmed/H30172-L1_S18_L001_R1_001.fastq,forward
SW00091,$PWDa/trimmed/H30180-L1_S26_L001_R1_001.fastq,forward
SW00092,$PWDa/trimmed/H30188-L1_S34_L001_R1_001.fastq,forward
SW00093,$PWDa/trimmed/H30196-L1_S42_L001_R1_001.fastq,forward
SW00094,$PWDa/trimmed/H30204-L1_S50_L001_R1_001.fastq,forward
SW00095,$PWDa/trimmed/H30212-L1_S58_L001_R1_001.fastq,forward
SW00096,$PWDa/trimmed/H30220-L1_S66_L001_R1_001.fastq,forward
SW00097,$PWDa/trimmed/H30228-L1_S74_L001_R1_001.fastq,forward
SW00098,$PWDa/trimmed/H30236-L1_S82_L001_R1_001.fastq,forward
SW00099,$PWDa/trimmed/H30244-L1_S90_L001_R1_001.fastq,forward
SW00100,$PWDa/trimmed/I07486-L1_S2_L001_R1_001.fastq,forward
SW00101,$PWDa/trimmed/H30165-L1_S11_L001_R1_001.fastq,forward
SW00102,$PWDa/trimmed/H30173-L1_S19_L001_R1_001.fastq,forward
SW00103,$PWDa/trimmed/H30181-L1_S27_L001_R1_001.fastq,forward
SW00104,$PWDa/trimmed/H30189-L1_S35_L001_R1_001.fastq,forward
SW00105,$PWDa/trimmed/H30197-L1_S43_L001_R1_001.fastq,forward
SW00106,$PWDa/trimmed/H30205-L1_S51_L001_R1_001.fastq,forward
SW00107,$PWDa/trimmed/H30213-L1_S59_L001_R1_001.fastq,forward
SW00108,$PWDa/trimmed/H30221-L1_S67_L001_R1_001.fastq,forward
SW00109,$PWDa/trimmed/H30229-L1_S75_L001_R1_001.fastq,forward
SW00110,$PWDa/trimmed/H30237-L1_S83_L001_R1_001.fastq,forward
SW00111,$PWDa/trimmed/H30245-L1_S91_L001_R1_001.fastq,forward
SW00112,$PWDa/trimmed/I07487-L1_S3_L001_R1_001.fastq,forward
SW00113,$PWDa/trimmed/H30166-L1_S12_L001_R1_001.fastq,forward
SW00114,$PWDa/trimmed/H30174-L1_S20_L001_R1_001.fastq,forward
SW00115,$PWDa/trimmed/H30182-L1_S28_L001_R1_001.fastq,forward
SW00116,$PWDa/trimmed/H30190-L1_S36_L001_R1_001.fastq,forward
SW00117,$PWDa/trimmed/I07488-L1_S4_L001_R1_001.fastq,forward
SW00118,$PWDa/trimmed/H30206-L1_S52_L001_R1_001.fastq,forward
SW00119,$PWDa/trimmed/H30214-L1_S60_L001_R1_001.fastq,forward
SW00120,$PWDa/trimmed/H30222-L1_S68_L001_R1_001.fastq,forward
SW00121,$PWDa/trimmed/H30230-L1_S76_L001_R1_001.fastq,forward
SW00122,$PWDa/trimmed/H30238-L1_S84_L001_R1_001.fastq,forward
SW00123,$PWDa/trimmed/H30246-L1_S92_L001_R1_001.fastq,forward
SW00124,$PWDa/trimmed/H30159-L1_S5_L001_R1_001.fastq,forward
SW00125,$PWDa/trimmed/H30167-L1_S13_L001_R1_001.fastq,forward
SW00126,$PWDa/trimmed/H30175-L1_S21_L001_R1_001.fastq,forward
SW00127,$PWDa/trimmed/H30183-L1_S29_L001_R1_001.fastq,forward
SW00128,$PWDa/trimmed/H30191-L1_S37_L001_R1_001.fastq,forward
SW00129,$PWDa/trimmed/H30199-L1_S45_L001_R1_001.fastq,forward
SW00130,$PWDa/trimmed/H30207-L1_S53_L001_R1_001.fastq,forward
SW00131,$PWDa/trimmed/H30215-L1_S61_L001_R1_001.fastq,forward
SW00132,$PWDa/trimmed/H30223-L1_S69_L001_R1_001.fastq,forward
SW00133,$PWDa/trimmed/H30231-L1_S77_L001_R1_001.fastq,forward
SW00134,$PWDa/trimmed/H30239-L1_S85_L001_R1_001.fastq,forward
SW00135,$PWDa/trimmed/I07489-L1_S5_L001_R1_001.fastq,forward
SW00136,$PWDa/trimmed/H30160-L1_S6_L001_R1_001.fastq,forward
SW00137,$PWDa/trimmed/H30168-L1_S14_L001_R1_001.fastq,forward
SW00138,$PWDa/trimmed/H30176-L1_S22_L001_R1_001.fastq,forward
SW00139,$PWDa/trimmed/H30184-L1_S30_L001_R1_001.fastq,forward
SW00140,$PWDa/trimmed/H30192-L1_S38_L001_R1_001.fastq,forward
SW00141,$PWDa/trimmed/H31450-L1_S208_L001_R1_001.fastq,forward
SW00142,$PWDa/trimmed/H31458-L1_S216_L001_R1_001.fastq,forward
SW00143,$PWDa/trimmed/H31466-L1_S224_L001_R1_001.fastq,forward
SW00144,$PWDa/trimmed/H31474-L1_S232_L001_R1_001.fastq,forward
SW00145,$PWDa/trimmed/H31490-L1_S248_L001_R1_001.fastq,forward
SW00146,$PWDa/trimmed/H31498-L1_S256_L001_R1_001.fastq,forward
SW00147,$PWDa/trimmed/H31506-L1_S264_L001_R1_001.fastq,forward
SW00148,$PWDa/trimmed/H31514-L1_S272_L001_R1_001.fastq,forward
SW00149,$PWDa/trimmed/H30443-L1_S289_L001_R1_001.fastq,forward
SW00150,$PWDa/trimmed/H30451-L1_S297_L001_R1_001.fastq,forward
SW00151,$PWDa/trimmed/H30459-L1_S305_L001_R1_001.fastq,forward
SW00152,$PWDa/trimmed/H30467-L1_S313_L001_R1_001.fastq,forward
SW00153,$PWDa/trimmed/H30475-L1_S321_L001_R1_001.fastq,forward
SW00154,$PWDa/trimmed/H30483-L1_S329_L001_R1_001.fastq,forward
SW00155,$PWDa/trimmed/H30491-L1_S337_L001_R1_001.fastq,forward
SW00156,$PWDa/trimmed/H30499-L1_S345_L001_R1_001.fastq,forward
SW00157,$PWDa/trimmed/H30507-L1_S353_L001_R1_001.fastq,forward
SW00158,$PWDa/trimmed/H30515-L1_S361_L001_R1_001.fastq,forward
SW00159,$PWDa/trimmed/H30523-L1_S369_L001_R1_001.fastq,forward
SW00160,$PWDa/trimmed/H30531-L1_S377_L001_R1_001.fastq,forward
SW00161,$PWDa/trimmed/H30444-L1_S290_L001_R1_001.fastq,forward
SW00162,$PWDa/trimmed/H30452-L1_S298_L001_R1_001.fastq,forward
SW00163,$PWDa/trimmed/H30460-L1_S306_L001_R1_001.fastq,forward
SW00164,$PWDa/trimmed/H30468-L1_S314_L001_R1_001.fastq,forward
SW00165,$PWDa/trimmed/H30476-L1_S322_L001_R1_001.fastq,forward
SW00166,$PWDa/trimmed/H30484-L1_S330_L001_R1_001.fastq,forward
SW00167,$PWDa/trimmed/H30492-L1_S338_L001_R1_001.fastq,forward
SW00168,$PWDa/trimmed/H30500-L1_S346_L001_R1_001.fastq,forward
SW00169,$PWDa/trimmed/H30508-L1_S354_L001_R1_001.fastq,forward
SW00170,$PWDa/trimmed/H30516-L1_S362_L001_R1_001.fastq,forward
SW00171,$PWDa/trimmed/H30524-L1_S370_L001_R1_001.fastq,forward
SW00172,$PWDa/trimmed/H30532-L1_S378_L001_R1_001.fastq,forward
SW00173,$PWDa/trimmed/H30445-L1_S291_L001_R1_001.fastq,forward
SW00174,$PWDa/trimmed/H30453-L1_S299_L001_R1_001.fastq,forward
SW00175,$PWDa/trimmed/H30461-L1_S307_L001_R1_001.fastq,forward
SW00176,$PWDa/trimmed/H30469-L1_S315_L001_R1_001.fastq,forward
SW00177,$PWDa/trimmed/H30477-L1_S323_L001_R1_001.fastq,forward
SW00178,$PWDa/trimmed/H30485-L1_S331_L001_R1_001.fastq,forward
SW00179,$PWDa/trimmed/H30493-L1_S339_L001_R1_001.fastq,forward
SW00180,$PWDa/trimmed/H30501-L1_S347_L001_R1_001.fastq,forward
SW00202,$PWDa/trimmed/H30479-L1_S325_L001_R1_001.fastq,forward
SW00203,$PWDa/trimmed/H30487-L1_S333_L001_R1_001.fastq,forward
SW00204,$PWDa/trimmed/H30495-L1_S341_L001_R1_001.fastq,forward
SW00184,$PWDa/trimmed/H30533-L1_S379_L001_R1_001.fastq,forward
SW00185,$PWDa/trimmed/H30446-L1_S292_L001_R1_001.fastq,forward
SW00186,$PWDa/trimmed/H30454-L1_S300_L001_R1_001.fastq,forward
SW00187,$PWDa/trimmed/H30462-L1_S308_L001_R1_001.fastq,forward
SW00188,$PWDa/trimmed/H30470-L1_S316_L001_R1_001.fastq,forward
SW00189,$PWDa/trimmed/H30478-L1_S324_L001_R1_001.fastq,forward
SW00190,$PWDa/trimmed/H30486-L1_S332_L001_R1_001.fastq,forward
SW00191,$PWDa/trimmed/H30494-L1_S340_L001_R1_001.fastq,forward
SW00192,$PWDa/trimmed/H30502-L1_S348_L001_R1_001.fastq,forward
SW00193,$PWDa/trimmed/H30510-L1_S356_L001_R1_001.fastq,forward
SW00194,$PWDa/trimmed/H30518-L1_S364_L001_R1_001.fastq,forward
SW00205,$PWDa/trimmed/H30503-L1_S349_L001_R1_001.fastq,forward
SW00206,$PWDa/trimmed/H30511-L1_S357_L001_R1_001.fastq,forward
SW00207,$PWDa/trimmed/H30519-L1_S365_L001_R1_001.fastq,forward
SW00196,$PWDa/trimmed/H30526-L1_S372_L001_R1_001.fastq,forward
SW00197,$PWDa/trimmed/H30534-L1_S380_L001_R1_001.fastq,forward
SW00198,$PWDa/trimmed/H30447-L1_S293_L001_R1_001.fastq,forward
SW00199,$PWDa/trimmed/H30455-L1_S301_L001_R1_001.fastq,forward
SW00200,$PWDa/trimmed/H30463-L1_S309_L001_R1_001.fastq,forward
SW00201,$PWDa/trimmed/H30471-L1_S317_L001_R1_001.fastq,forward
SW00208,$PWDa/trimmed/H30527-L1_S373_L001_R1_001.fastq,forward
SW00209,$PWDa/trimmed/I07490-L1_S6_L001_R1_001.fastq,forward
SW00210,$PWDa/trimmed/H30448-L1_S294_L001_R1_001.fastq,forward
SW00211,$PWDa/trimmed/H31696-L1_S1_L001_R1_001.fastq,forward
SW00212,$PWDa/trimmed/H31704-L1_S9_L001_R1_001.fastq,forward
SW00213,$PWDa/trimmed/H31712-L1_S17_L001_R1_001.fastq,forward
SW00214,$PWDa/trimmed/H31720-L1_S25_L001_R1_001.fastq,forward
SW00215,$PWDa/trimmed/H31728-L1_S33_L001_R1_001.fastq,forward
SW00216,$PWDa/trimmed/H31736-L1_S41_L001_R1_001.fastq,forward
SW00217,$PWDa/trimmed/H31744-L1_S49_L001_R1_001.fastq,forward
SW00218,$PWDa/trimmed/H31752-L1_S57_L001_R1_001.fastq,forward
SW00219,$PWDa/trimmed/H31760-L1_S65_L001_R1_001.fastq,forward
SW00220,$PWDa/trimmed/H31768-L1_S73_L001_R1_001.fastq,forward
SW00221,$PWDa/trimmed/H31776-L1_S81_L001_R1_001.fastq,forward
SW00222,$PWDa/trimmed/H31784-L1_S89_L001_R1_001.fastq,forward
SW00223,$PWDa/trimmed/H31697-L1_S2_L001_R1_001.fastq,forward
SW00224,$PWDa/trimmed/H31705-L1_S10_L001_R1_001.fastq,forward
SW00225,$PWDa/trimmed/H31713-L1_S18_L001_R1_001.fastq,forward
SW00226,$PWDa/trimmed/H31721-L1_S26_L001_R1_001.fastq,forward
SW00227,$PWDa/trimmed/H31729-L1_S34_L001_R1_001.fastq,forward
SW00228,$PWDa/trimmed/H31737-L1_S42_L001_R1_001.fastq,forward
SW00229,$PWDa/trimmed/H31745-L1_S50_L001_R1_001.fastq,forward
SW00230,$PWDa/trimmed/H31753-L1_S58_L001_R1_001.fastq,forward
SW00231,$PWDa/trimmed/H31761-L1_S66_L001_R1_001.fastq,forward
SW00232,$PWDa/trimmed/H31769-L1_S74_L001_R1_001.fastq,forward
SW00233,$PWDa/trimmed/H31777-L1_S82_L001_R1_001.fastq,forward
SW00234,$PWDa/trimmed/H31785-L1_S90_L001_R1_001.fastq,forward
SW00235,$PWDa/trimmed/H31698-L1_S3_L001_R1_001.fastq,forward
SW00236,$PWDa/trimmed/H31706-L1_S11_L001_R1_001.fastq,forward
SW00237,$PWDa/trimmed/H31714-L1_S19_L001_R1_001.fastq,forward
SW00238,$PWDa/trimmed/H31722-L1_S27_L001_R1_001.fastq,forward
SW00239,$PWDa/trimmed/H31730-L1_S35_L001_R1_001.fastq,forward
SW00240,$PWDa/trimmed/H31738-L1_S43_L001_R1_001.fastq,forward
SW00241,$PWDa/trimmed/H31746-L1_S51_L001_R1_001.fastq,forward
SW00242,$PWDa/trimmed/H31754-L1_S59_L001_R1_001.fastq,forward
SW00243,$PWDa/trimmed/H31762-L1_S67_L001_R1_001.fastq,forward
SW00244,$PWDa/trimmed/H31770-L1_S75_L001_R1_001.fastq,forward
SW00245,$PWDa/trimmed/H31778-L1_S83_L001_R1_001.fastq,forward
SW00246,$PWDa/trimmed/H31786-L1_S91_L001_R1_001.fastq,forward
SW00247,$PWDa/trimmed/H31699-L1_S4_L001_R1_001.fastq,forward
SW00248,$PWDa/trimmed/H31707-L1_S12_L001_R1_001.fastq,forward
SW00249,$PWDa/trimmed/H31715-L1_S20_L001_R1_001.fastq,forward
SW00250,$PWDa/trimmed/H31723-L1_S28_L001_R1_001.fastq,forward
SW00251,$PWDa/trimmed/H31731-L1_S36_L001_R1_001.fastq,forward
SW00252,$PWDa/trimmed/H31739-L1_S44_L001_R1_001.fastq,forward
SW00253,$PWDa/trimmed/H31747-L1_S52_L001_R1_001.fastq,forward
SW00254,$PWDa/trimmed/H31755-L1_S60_L001_R1_001.fastq,forward
SW00255,$PWDa/trimmed/H31763-L1_S68_L001_R1_001.fastq,forward
SW00256,$PWDa/trimmed/H31771-L1_S76_L001_R1_001.fastq,forward
SW00258,$PWDa/trimmed/I07812-L1_S328_L001_R1_001.fastq,forward
SW00259,$PWDa/trimmed/I07813-L1_S329_L001_R1_001.fastq,forward
SW00260,$PWDa/trimmed/I07814-L1_S330_L001_R1_001.fastq,forward
SW00261,$PWDa/trimmed/I07815-L1_S331_L001_R1_001.fastq,forward
SW00262,$PWDa/trimmed/I01739-L1_S1_L001_R1_001.fastq,forward
SW00263,$PWDa/trimmed/I01740-L1_S2_L001_R1_001.fastq,forward
SW00264,$PWDa/trimmed/I01741-L1_S3_L001_R1_001.fastq,forward
SW00265,$PWDa/trimmed/I01742-L1_S4_L001_R1_001.fastq,forward
SW00266,$PWDa/trimmed/I01743-L1_S5_L001_R1_001.fastq,forward
SW00267,$PWDa/trimmed/I01744-L1_S6_L001_R1_001.fastq,forward
SW00268,$PWDa/trimmed/I01745-L1_S7_L001_R1_001.fastq,forward
SW00269,$PWDa/trimmed/I01746-L1_S8_L001_R1_001.fastq,forward
SW00270,$PWDa/trimmed/I01747-L1_S9_L001_R1_001.fastq,forward
SW00271,$PWDa/trimmed/I01748-L1_S10_L001_R1_001.fastq,forward
SW00272,$PWDa/trimmed/I01749-L1_S11_L001_R1_001.fastq,forward
SW00273,$PWDa/trimmed/I01750-L1_S12_L001_R1_001.fastq,forward
SW00280,$PWDa/trimmed/I01757-L1_S19_L001_R1_001.fastq,forward
SW00281,$PWDa/trimmed/I01758-L1_S20_L001_R1_001.fastq,forward
SW00282,$PWDa/trimmed/I01759-L1_S21_L001_R1_001.fastq,forward
SW00283,$PWDa/trimmed/I01760-L1_S22_L001_R1_001.fastq,forward
SW00284,$PWDa/trimmed/I01761-L1_S23_L001_R1_001.fastq,forward
SW00285,$PWDa/trimmed/I01762-L1_S24_L001_R1_001.fastq,forward
SW00286,$PWDa/trimmed/I01763-L1_S25_L001_R1_001.fastq,forward
SW00287,$PWDa/trimmed/I01764-L1_S26_L001_R1_001.fastq,forward
SW00288,$PWDa/trimmed/I01765-L1_S27_L001_R1_001.fastq,forward
SW00289,$PWDa/trimmed/I01766-L1_S28_L001_R1_001.fastq,forward
SW00290,$PWDa/trimmed/I01767-L1_S29_L001_R1_001.fastq,forward
SW00291,$PWDa/trimmed/I01768-L1_S30_L001_R1_001.fastq,forward
SW00292,$PWDa/trimmed/I01769-L1_S31_L001_R1_001.fastq,forward
SW00293,$PWDa/trimmed/I01770-L1_S32_L001_R1_001.fastq,forward
SW00294,$PWDa/trimmed/I01771-L1_S33_L001_R1_001.fastq,forward
SW00295,$PWDa/trimmed/I01772-L1_S34_L001_R1_001.fastq,forward
SW00296,$PWDa/trimmed/I01773-L1_S35_L001_R1_001.fastq,forward
SW00297,$PWDa/trimmed/I01774-L1_S36_L001_R1_001.fastq,forward
SW00298,$PWDa/trimmed/I01775-L1_S37_L001_R1_001.fastq,forward
SW00299,$PWDa/trimmed/I01776-L1_S38_L001_R1_001.fastq,forward
SW00300,$PWDa/trimmed/I01777-L1_S39_L001_R1_001.fastq,forward
SW00301,$PWDa/trimmed/I01778-L1_S40_L001_R1_001.fastq,forward
SW00302,$PWDa/trimmed/I01779-L1_S41_L001_R1_001.fastq,forward
SW00303,$PWDa/trimmed/I01780-L1_S42_L001_R1_001.fastq,forward
SW00307,$PWDa/trimmed/I01784-L1_S46_L001_R1_001.fastq,forward
SW00308,$PWDa/trimmed/I01787-L1_S49_L001_R1_001.fastq,forward
SW00309,$PWDa/trimmed/I01788-L1_S50_L001_R1_001.fastq,forward
SW00310,$PWDa/trimmed/I01789-L1_S51_L001_R1_001.fastq,forward
SW00311,$PWDa/trimmed/I01790-L1_S52_L001_R1_001.fastq,forward
SW00312,$PWDa/trimmed/I01791-L1_S53_L001_R1_001.fastq,forward
SW00313,$PWDa/trimmed/I01792-L1_S54_L001_R1_001.fastq,forward
SW00314,$PWDa/trimmed/I01793-L1_S55_L001_R1_001.fastq,forward
SW00315,$PWDa/trimmed/I01794-L1_S56_L001_R1_001.fastq,forward
SW00316,$PWDa/trimmed/I01795-L1_S57_L001_R1_001.fastq,forward
SW00317,$PWDa/trimmed/I01796-L1_S58_L001_R1_001.fastq,forward
SW00318,$PWDa/trimmed/I01797-L1_S59_L001_R1_001.fastq,forward
SW00319,$PWDa/trimmed/I01798-L1_S60_L001_R1_001.fastq,forward
SW00320,$PWDa/trimmed/I01799-L1_S61_L001_R1_001.fastq,forward
SW00321,$PWDa/trimmed/I01800-L1_S62_L001_R1_001.fastq,forward
SW00322,$PWDa/trimmed/I01801-L1_S63_L001_R1_001.fastq,forward
SW00323,$PWDa/trimmed/I01802-L1_S64_L001_R1_001.fastq,forward
SW00324,$PWDa/trimmed/I01803-L1_S65_L001_R1_001.fastq,forward
SW00325,$PWDa/trimmed/I01804-L1_S66_L001_R1_001.fastq,forward
SW00326,$PWDa/trimmed/I01805-L1_S67_L001_R1_001.fastq,forward
SW00327,$PWDa/trimmed/I01806-L1_S68_L001_R1_001.fastq,forward
SW00328,$PWDa/trimmed/I01807-L1_S69_L001_R1_001.fastq,forward
SW00329,$PWDa/trimmed/I01808-L1_S70_L001_R1_001.fastq,forward
SW00330,$PWDa/trimmed/I01809-L1_S71_L001_R1_001.fastq,forward
SW00331,$PWDa/trimmed/I01810-L1_S72_L001_R1_001.fastq,forward
SW00332,$PWDa/trimmed/I01811-L1_S73_L001_R1_001.fastq,forward
SW00333,$PWDa/trimmed/I01812-L1_S74_L001_R1_001.fastq,forward
SW00334,$PWDa/trimmed/I01813-L1_S75_L001_R1_001.fastq,forward
SW00335,$PWDa/trimmed/I01814-L1_S76_L001_R1_001.fastq,forward
SW00336,$PWDa/trimmed/I01815-L1_S77_L001_R1_001.fastq,forward
SW00337,$PWDa/trimmed/I01816-L1_S78_L001_R1_001.fastq,forward
SW00338,$PWDa/trimmed/I01817-L1_S79_L001_R1_001.fastq,forward
SW00339,$PWDa/trimmed/I01818-L1_S80_L001_R1_001.fastq,forward
SW00340,$PWDa/trimmed/I01819-L1_S81_L001_R1_001.fastq,forward
SW00341,$PWDa/trimmed/I01820-L1_S82_L001_R1_001.fastq,forward
SW00342,$PWDa/trimmed/I01821-L1_S83_L001_R1_001.fastq,forward
SW00343,$PWDa/trimmed/I01822-L1_S84_L001_R1_001.fastq,forward
SW00344,$PWDa/trimmed/I01823-L1_S85_L001_R1_001.fastq,forward
SW00345,$PWDa/trimmed/I01824-L1_S86_L001_R1_001.fastq,forward
SW00346,$PWDa/trimmed/I01825-L1_S87_L001_R1_001.fastq,forward
SW00347,$PWDa/trimmed/I01827-L1_S89_L001_R1_001.fastq,forward
SW00348,$PWDa/trimmed/I01828-L1_S90_L001_R1_001.fastq,forward
SW00349,$PWDa/trimmed/I01829-L1_S91_L001_R1_001.fastq,forward
SW00350,$PWDa/trimmed/I01830-L1_S92_L001_R1_001.fastq,forward
SW00351,$PWDa/trimmed/I01831-L1_S93_L001_R1_001.fastq,forward
SW00352,$PWDa/trimmed/I01835-L1_S97_L001_R1_001.fastq,forward
SW00353,$PWDa/trimmed/I01836-L1_S98_L001_R1_001.fastq,forward
SW00354,$PWDa/trimmed/I01837-L1_S99_L001_R1_001.fastq,forward
SW00355,$PWDa/trimmed/I01838-L1_S100_L001_R1_001.fastq,forward
SW00356,$PWDa/trimmed/I01839-L1_S101_L001_R1_001.fastq,forward
SW00357,$PWDa/trimmed/I01840-L1_S102_L001_R1_001.fastq,forward
SW00373,$PWDa/trimmed/I02093-L1_S355_L001_R1_001.fastq,forward
SW00374,$PWDa/trimmed/I02094-L1_S356_L001_R1_001.fastq,forward
SW00375,$PWDa/trimmed/I02095-L1_S357_L001_R1_001.fastq,forward
SW00376,$PWDa/trimmed/I02096-L1_S358_L001_R1_001.fastq,forward
SW00377,$PWDa/trimmed/I02097-L1_S359_L001_R1_001.fastq,forward
SW00378,$PWDa/trimmed/I02098-L1_S360_L001_R1_001.fastq,forward
SWF088,$PWDa/trimmed/H06274-L1_S204_L001_R1_001.fastq,forward
SWF170,$PWDa/trimmed/H06081-L1_S11_L001_R1_001.fastq,forward
SWF172,$PWDa/trimmed/H06133-L1_S63_L001_R1_001.fastq,forward
BS015,$PWDa/trimmed/I29388-L1_S263_L001_R1_001.fastq,forward
BS016,$PWDa/trimmed/I29389-L1_S264_L001_R1_001.fastq,forward
BS092,$PWDa/trimmed/I29467-L1_S342_L001_R1_001.fastq,forward
BS093,$PWDa/trimmed/I29468-L1_S343_L001_R1_001.fastq,forward
BS094,$PWDa/trimmed/I29469-L1_S344_L001_R1_001.fastq,forward
BS096,$PWDa/trimmed/I29470-L1_S345_L001_R1_001.fastq,forward
WB00001,$PWDa/trimmed/H06350-L1_S280_L001_R1_001.fastq,forward
WB00005,$PWDa/trimmed/H06354-L1_S284_L001_R1_001.fastq,forward
WB00007,$PWDa/trimmed/H06356-L1_S286_L001_R1_001.fastq,forward
WB00011,$PWDa/trimmed/H06360-L1_S290_L001_R1_001.fastq,forward
WB00013,$PWDa/trimmed/H06362-L1_S292_L001_R1_001.fastq,forward
WB00016,$PWDa/trimmed/H06365-L1_S295_L001_R1_001.fastq,forward
WB00019,$PWDa/trimmed/H06368-L1_S298_L001_R1_001.fastq,forward
WB00024,$PWDa/trimmed/H06373-L1_S303_L001_R1_001.fastq,forward
WB00037,$PWDa/trimmed/I08217-L1_S349_L001_R1_001.fastq,forward
WB00044,$PWDa/trimmed/I08218-L1_S350_L001_R1_001.fastq,forward
WB00045,$PWDa/trimmed/I08219-L1_S351_L001_R1_001.fastq,forward
WB00046,$PWDa/trimmed/I08220-L1_S352_L001_R1_001.fastq,forward
WB00047,$PWDa/trimmed/I08221-L1_S353_L001_R1_001.fastq,forward
WB00031,$PWDa/trimmed/I08223-L1_S355_L001_R1_001.fastq,forward
WB00056,$PWDa/trimmed/I08224-L1_S356_L001_R1_001.fastq,forward
WB00033,$PWDa/trimmed/I08225-L1_S357_L001_R1_001.fastq,forward
WB00052,$PWDa/trimmed/I08226-L1_S358_L001_R1_001.fastq,forward
WB00053,$PWDa/trimmed/I08227-L1_S359_L001_R1_001.fastq,forward
WB00060,$PWDa/trimmed/I08228-L1_S360_L001_R1_001.fastq,forward
WB00067,$PWDa/trimmed/I08229-L1_S361_L001_R1_001.fastq,forward
WB00074,$PWDa/trimmed/I08230-L1_S362_L001_R1_001.fastq,forward
WB00063,$PWDa/trimmed/I08231-L1_S363_L001_R1_001.fastq,forward
WB00064,$PWDa/trimmed/I08232-L1_S364_L001_R1_001.fastq,forward
WB00071,$PWDa/trimmed/I08233-L1_S365_L001_R1_001.fastq,forward
WB00078,$PWDa/trimmed/I08234-L1_S366_L001_R1_001.fastq,forward
WB00079,$PWDa/trimmed/WB-00079_S1_L001_R1_001.fastq,forward
WB00080,$PWDa/trimmed/WB-00080_S2_L001_R1_001.fastq,forward
WB00081,$PWDa/trimmed/WB-00081_S3_L001_R1_001.fastq,forward
WB00082,$PWDa/trimmed/WB-00082_S4_L001_R1_001.fastq,forward
WB00202,$PWDa/trimmed/WB-00202_S125_L001_R1_001.fastq,forward
WB00203,$PWDa/trimmed/WB-00203_S126_L001_R1_001.fastq,forward
WB00083,$PWDa/trimmed/WB-00083_S5_L001_R1_001.fastq,forward
WB00084,$PWDa/trimmed/WB-00084_S6_L001_R1_001.fastq,forward
WB00085,$PWDa/trimmed/I08055-L1_S187_L001_R1_001.fastq,forward
WB00086,$PWDa/trimmed/I07884-L1_S16_L001_R1_001.fastq,forward
WB00087,$PWDa/trimmed/I08056-L1_S188_L001_R1_001.fastq,forward
WB00088,$PWDa/trimmed/WB-00088_S10_L001_R1_001.fastq,forward
WB00089,$PWDa/trimmed/WB-00089_S11_L001_R1_001.fastq,forward
WB00090,$PWDa/trimmed/WB-00090_S12_L001_R1_001.fastq,forward
WB00091,$PWDa/trimmed/WB-00091_S13_L001_R1_001.fastq,forward
WB00093,$PWDa/trimmed/WB-00093_S15_L001_R1_001.fastq,forward
WB00094,$PWDa/trimmed/I07885-L1_S17_L001_R1_001.fastq,forward
WB00095,$PWDa/trimmed/WB-00095_S16_L001_R1_001.fastq,forward
WB00096,$PWDa/trimmed/WB-00096_S17_L001_R1_001.fastq,forward
WB00097,$PWDa/trimmed/WB-00097_S18_L001_R1_001.fastq,forward
WB00098,$PWDa/trimmed/WB-00098_S19_L001_R1_001.fastq,forward
WB00099,$PWDa/trimmed/WB-00099_S20_L001_R1_001.fastq,forward
WB00100,$PWDa/trimmed/WB-00100_S21_L001_R1_001.fastq,forward
WB00101,$PWDa/trimmed/WB-00101_S22_L001_R1_001.fastq,forward
WB00102,$PWDa/trimmed/I07886-L1_S18_L001_R1_001.fastq,forward
WB00103,$PWDa/trimmed/WB-00103_S24_L001_R1_001.fastq,forward
WB00104,$PWDa/trimmed/WB-00104_S25_L001_R1_001.fastq,forward
WB00106,$PWDa/trimmed/WB-00106_S27_L001_R1_001.fastq,forward
WB00107,$PWDa/trimmed/WB-00107_S28_L001_R1_001.fastq,forward
WB00108,$PWDa/trimmed/WB-00108_S29_L001_R1_001.fastq,forward
WB00109,$PWDa/trimmed/WB-00109_S30_L001_R1_001.fastq,forward
WB00110,$PWDa/trimmed/I07887-L1_S19_L001_R1_001.fastq,forward
WB00111,$PWDa/trimmed/WB-00111_S31_L001_R1_001.fastq,forward
WB00112,$PWDa/trimmed/WB-00112_S32_L001_R1_001.fastq,forward
WB00113,$PWDa/trimmed/WB-00113_S33_L001_R1_001.fastq,forward
WB00114,$PWDa/trimmed/I07888-L1_S20_L001_R1_001.fastq,forward
WB00115,$PWDa/trimmed/WB-00115_S35_L001_R1_001.fastq,forward
WB00116,$PWDa/trimmed/WB-00116_S36_L001_R1_001.fastq,forward
WB00205,$PWDa/trimmed/WB-00205_S128_L001_R1_001.fastq,forward
WB00207,$PWDa/trimmed/I07856-L1_S372_L001_R1_001.fastq,forward
WB00208,$PWDa/trimmed/WB-00208_S131_L001_R1_001.fastq,forward
WB00211,$PWDa/trimmed/WB-00211_S134_L001_R1_001.fastq,forward
WB00209,$PWDa/trimmed/I07893-L1_S25_L001_R1_001.fastq,forward
WB00118,$PWDa/trimmed/WB-00118_S38_L001_R1_001.fastq,forward
WB00119,$PWDa/trimmed/WB-00119_S39_L001_R1_001.fastq,forward
WB00120,$PWDa/trimmed/WB-00120_S40_L001_R1_001.fastq,forward
WB00121,$PWDa/trimmed/WB-00121_S41_L001_R1_001.fastq,forward
WB00122,$PWDa/trimmed/I07889-L1_S21_L001_R1_001.fastq,forward
WB00212,$PWDa/trimmed/WB-00212_S135_L001_R1_001.fastq,forward
WB00213,$PWDa/trimmed/WB-00213_S136_L001_R1_001.fastq,forward
WB00214,$PWDa/trimmed/WB-00214_S137_L001_R1_001.fastq,forward
WB00215,$PWDa/trimmed/WB-00215_S140_L001_R1_001.fastq,forward
WB00216,$PWDa/trimmed/WB-00216_S141_L001_R1_001.fastq,forward
WB00217,$PWDa/trimmed/WB-00217_S142_L001_R1_001.fastq,forward
WB00218,$PWDa/trimmed/WB-00218_S143_L001_R1_001.fastq,forward
WB00219,$PWDa/trimmed/WB-00219_S144_L001_R1_001.fastq,forward
WB00220,$PWDa/trimmed/I07894-L1_S26_L001_R1_001.fastq,forward
WB00221,$PWDa/trimmed/I07895-L1_S27_L001_R1_001.fastq,forward
WB00222,$PWDa/trimmed/I07896-L1_S28_L001_R1_001.fastq,forward
WB00123,$PWDa/trimmed/WB-00123_S42_L001_R1_001.fastq,forward
WB00124,$PWDa/trimmed/I07890-L1_S22_L001_R1_001.fastq,forward
WB00125,$PWDa/trimmed/WB-00125_S46_L001_R1_001.fastq,forward
WB00126,$PWDa/trimmed/WB-00126_S47_L001_R1_001.fastq,forward
WB00127,$PWDa/trimmed/WB-00127_S48_L001_R1_001.fastq,forward
WB00128,$PWDa/trimmed/WB-00128_S49_L001_R1_001.fastq,forward
WB00223,$PWDa/trimmed/WB-00223_S146_L001_R1_001.fastq,forward
WB00224,$PWDa/trimmed/WB-00224_S147_L001_R1_001.fastq,forward
WB00129,$PWDa/trimmed/WB-00129_S50_L001_R1_001.fastq,forward
WB00130,$PWDa/trimmed/WB-00130_S51_L001_R1_001.fastq,forward
WB00131,$PWDa/trimmed/I08057-L1_S189_L001_R1_001.fastq,forward
WB00225,$PWDa/trimmed/WB-00225_S148_L001_R1_001.fastq,forward
WB00226,$PWDa/trimmed/WB-00226_S149_L001_R1_001.fastq,forward
WB00227,$PWDa/trimmed/WB-00227_S150_L001_R1_001.fastq,forward
WB00133,$PWDa/trimmed/WB-00133_S54_L001_R1_001.fastq,forward
WB00134,$PWDa/trimmed/WB-00134_S55_L001_R1_001.fastq,forward
WB00135,$PWDa/trimmed/WB-00135_S56_L001_R1_001.fastq,forward
WB00136,$PWDa/trimmed/WB-00136_S57_L001_R1_001.fastq,forward
WB00229,$PWDa/trimmed/I07897-L1_S29_L001_R1_001.fastq,forward
WB00230,$PWDa/trimmed/I07898-L1_S30_L001_R1_001.fastq,forward
WB00137,$PWDa/trimmed/WB-00137_S58_L001_R1_001.fastq,forward
WB00138,$PWDa/trimmed/WB-00138_S59_L001_R1_001.fastq,forward
WB00139,$PWDa/trimmed/WB-00139_S60_L001_R1_001.fastq,forward
WB00140,$PWDa/trimmed/WB-00140_S61_L001_R1_001.fastq,forward
WB00141,$PWDa/trimmed/WB-00141_S62_L001_R1_001.fastq,forward
WB00142,$PWDa/trimmed/WB-00142_S63_L001_R1_001.fastq,forward
WB00143,$PWDa/trimmed/WB-00143_S64_L001_R1_001.fastq,forward
WB00144,$PWDa/trimmed/WB-00144_S65_L001_R1_001.fastq,forward
WB00145,$PWDa/trimmed/WB-00145_S66_L001_R1_001.fastq,forward
WB00146,$PWDa/trimmed/WB-00146_S67_L001_R1_001.fastq,forward
WB00232,$PWDa/trimmed/WB-00232_S154_L001_R1_001.fastq,forward
WB00147,$PWDa/trimmed/WB-00147_S68_L001_R1_001.fastq,forward
WB00148,$PWDa/trimmed/WB-00148_S69_L001_R1_001.fastq,forward
WB00149,$PWDa/trimmed/WB-00149_S70_L001_R1_001.fastq,forward
WB00233,$PWDa/trimmed/I07899-L1_S31_L001_R1_001.fastq,forward
WB00150,$PWDa/trimmed/WB-00150_S71_L001_R1_001.fastq,forward
WB00234,$PWDa/trimmed/WB-00234_S155_L001_R1_001.fastq,forward
WB00235,$PWDa/trimmed/WB-00235_S156_L001_R1_001.fastq,forward
WB00236,$PWDa/trimmed/WB-00236_S157_L001_R1_001.fastq,forward
WB00238,$PWDa/trimmed/WB-00238_S159_L001_R1_001.fastq,forward
WB00239,$PWDa/trimmed/WB-00239_S160_L001_R1_001.fastq,forward
WB00240,$PWDa/trimmed/WB-00240_S161_L001_R1_001.fastq,forward
WB00241,$PWDa/trimmed/WB-00241_S162_L001_R1_001.fastq,forward
WB00242,$PWDa/trimmed/WB-00242_S163_L001_R1_001.fastq,forward
WB00243,$PWDa/trimmed/WB-00243_S164_L001_R1_001.fastq,forward
WB00244,$PWDa/trimmed/WB-00244_S165_L001_R1_001.fastq,forward
WB00245,$PWDa/trimmed/I07857-L1_S373_L001_R1_001.fastq,forward
WB00246,$PWDa/trimmed/WB-00246_S167_L001_R1_001.fastq,forward
WB00247,$PWDa/trimmed/WB-00247_S168_L001_R1_001.fastq,forward
WB00248,$PWDa/trimmed/WB-00248_S169_L001_R1_001.fastq,forward
WB00250,$PWDa/trimmed/WB-00250_S171_L001_R1_001.fastq,forward
WB00251,$PWDa/trimmed/WB-00251_S172_L001_R1_001.fastq,forward
WB00252,$PWDa/trimmed/WB-00252_S173_L001_R1_001.fastq,forward
WB00253,$PWDa/trimmed/WB-00253_S174_L001_R1_001.fastq,forward
WB00254,$PWDa/trimmed/WB-00254_S175_L001_R1_001.fastq,forward
WB00151,$PWDa/trimmed/WB-00151_S72_L001_R1_001.fastq,forward
WB00152,$PWDa/trimmed/WB-00152_S73_L001_R1_001.fastq,forward
WB00255,$PWDa/trimmed/WB-00255_S176_L001_R1_001.fastq,forward
WB00256,$PWDa/trimmed/I07858-L1_S374_L001_R1_001.fastq,forward
WB00257,$PWDa/trimmed/WB-00257_S178_L001_R1_001.fastq,forward
WB00258,$PWDa/trimmed/WB-00258_S179_L001_R1_001.fastq,forward
WB00259,$PWDa/trimmed/I07900-L1_S32_L001_R1_001.fastq,forward
WB00260,$PWDa/trimmed/WB-00260_S183_L001_R1_001.fastq,forward
WB00261,$PWDa/trimmed/WB-00261_S184_L001_R1_001.fastq,forward
WB00262,$PWDa/trimmed/WB-00262_S185_L001_R1_001.fastq,forward
WB00263,$PWDa/trimmed/I07901-L1_S33_L001_R1_001.fastq,forward
WB00264,$PWDa/trimmed/I07902-L1_S34_L001_R1_001.fastq,forward
WB00153,$PWDa/trimmed/WB-00153_S74_L001_R1_001.fastq,forward
WB00266,$PWDa/trimmed/WB-00266_S189_L001_R1_001.fastq,forward
WB00154,$PWDa/trimmed/WB-00154_S75_L001_R1_001.fastq,forward
WB00155,$PWDa/trimmed/WB-00155_S76_L001_R1_001.fastq,forward
WB00267,$PWDa/trimmed/WB-00267_S190_L001_R1_001.fastq,forward
WB00268,$PWDa/trimmed/I07903-L1_S35_L001_R1_001.fastq,forward
WB00269,$PWDa/trimmed/I07904-L1_S36_L001_R1_001.fastq,forward
WB00270,$PWDa/trimmed/I07905-L1_S37_L001_R1_001.fastq,forward
WB00271,$PWDa/trimmed/I07906-L1_S38_L001_R1_001.fastq,forward
WB00272,$PWDa/trimmed/WB-00272_S195_L001_R1_001.fastq,forward
WB00276,$PWDa/trimmed/I07859-L1_S375_L001_R1_001.fastq,forward
WB00277,$PWDa/trimmed/WB-00277_S200_L001_R1_001.fastq,forward
WB00156,$PWDa/trimmed/WB-00156_S77_L001_R1_001.fastq,forward
WB00278,$PWDa/trimmed/I07908-L1_S40_L001_R1_001.fastq,forward
WB00279,$PWDa/trimmed/WB-00279_S202_L001_R1_001.fastq,forward
WB00280,$PWDa/trimmed/WB-00280_S203_L001_R1_001.fastq,forward
WB00281,$PWDa/trimmed/WB-00281_S204_L001_R1_001.fastq,forward
WB00283,$PWDa/trimmed/WB-00283_S206_L001_R1_001.fastq,forward
WB00158,$PWDa/trimmed/WB-00158_S79_L001_R1_001.fastq,forward
WB00159,$PWDa/trimmed/WB-00159_S80_L001_R1_001.fastq,forward
WB00160,$PWDa/trimmed/WB-00160_S81_L001_R1_001.fastq,forward
WB00161,$PWDa/trimmed/I07849-L1_S365_L001_R1_001.fastq,forward
WB00162,$PWDa/trimmed/WB-00162_S83_L001_R1_001.fastq,forward
WB00163,$PWDa/trimmed/I07850-L1_S366_L001_R1_001.fastq,forward
WB00164,$PWDa/trimmed/I07851-L1_S367_L001_R1_001.fastq,forward
WB00165,$PWDa/trimmed/I07852-L1_S368_L001_R1_001.fastq,forward
WB00166,$PWDa/trimmed/WB-00166_S87_L001_R1_001.fastq,forward
WB00167,$PWDa/trimmed/WB-00167_S88_L001_R1_001.fastq,forward
WB00168,$PWDa/trimmed/WB-00168_S89_L001_R1_001.fastq,forward
WB00169,$PWDa/trimmed/WB-00169_S92_L001_R1_001.fastq,forward
WB00170,$PWDa/trimmed/WB-00170_S93_L001_R1_001.fastq,forward
WB00171,$PWDa/trimmed/WB-00171_S94_L001_R1_001.fastq,forward
WB00172,$PWDa/trimmed/WB-00172_S95_L001_R1_001.fastq,forward
WB00284,$PWDa/trimmed/WB-00284_S207_L001_R1_001.fastq,forward
WB00174,$PWDa/trimmed/WB-00174_S97_L001_R1_001.fastq,forward
WB00175,$PWDa/trimmed/WB-00175_S98_L001_R1_001.fastq,forward
WB00176,$PWDa/trimmed/WB-00176_S99_L001_R1_001.fastq,forward
WB00177,$PWDa/trimmed/WB-00177_S100_L001_R1_001.fastq,forward
WB00178,$PWDa/trimmed/WB-00178_S101_L001_R1_001.fastq,forward
WB00179,$PWDa/trimmed/WB-00179_S102_L001_R1_001.fastq,forward
WB00180,$PWDa/trimmed/WB-00180_S103_L001_R1_001.fastq,forward
WB00181,$PWDa/trimmed/WB-00181_S104_L001_R1_001.fastq,forward
WB00182,$PWDa/trimmed/WB-00182_S105_L001_R1_001.fastq,forward
WB00183,$PWDa/trimmed/WB-00183_S106_L001_R1_001.fastq,forward
WB00184,$PWDa/trimmed/WB-00184_S107_L001_R1_001.fastq,forward
WB00185,$PWDa/trimmed/WB-00185_S108_L001_R1_001.fastq,forward
WB00186,$PWDa/trimmed/WB-00186_S109_L001_R1_001.fastq,forward
WB00187,$PWDa/trimmed/WB-00187_S110_L001_R1_001.fastq,forward
WB00188,$PWDa/trimmed/WB-00188_S111_L001_R1_001.fastq,forward
WB00189,$PWDa/trimmed/WB-00189_S112_L001_R1_001.fastq,forward
WB00191,$PWDa/trimmed/I07853-L1_S369_L001_R1_001.fastq,forward
WB00192,$PWDa/trimmed/I07891-L1_S23_L001_R1_001.fastq,forward
WB00193,$PWDa/trimmed/I07854-L1_S370_L001_R1_001.fastq,forward
WB00194,$PWDa/trimmed/WB-00194_S117_L001_R1_001.fastq,forward
WB00195,$PWDa/trimmed/WB-00195_S118_L001_R1_001.fastq,forward
WB00285,$PWDa/trimmed/WB-00285_S208_L001_R1_001.fastq,forward
WB00196,$PWDa/trimmed/I07855-L1_S371_L001_R1_001.fastq,forward
WB00197,$PWDa/trimmed/WB-00197_S120_L001_R1_001.fastq,forward
WB00200,$PWDa/trimmed/I07892-L1_S24_L001_R1_001.fastq,forward
WB00201,$PWDa/trimmed/WB-00201_S124_L001_R1_001.fastq,forward
WB00286,$PWDa/trimmed/WB-00286_S209_L001_R1_001.fastq,forward
WB00310,$PWDa/trimmed/I07514-L1_S30_L001_R1_001.fastq,forward
WB00311,$PWDa/trimmed/I07515-L1_S31_L001_R1_001.fastq,forward
WB00312,$PWDa/trimmed/I07516-L1_S32_L001_R1_001.fastq,forward
WB00313,$PWDa/trimmed/I07517-L1_S33_L001_R1_001.fastq,forward
WB00314,$PWDa/trimmed/I07518-L1_S34_L001_R1_001.fastq,forward
WB00315,$PWDa/trimmed/I07519-L1_S35_L001_R1_001.fastq,forward
WB00316,$PWDa/trimmed/I07520-L1_S36_L001_R1_001.fastq,forward
WB00317,$PWDa/trimmed/I07521-L1_S37_L001_R1_001.fastq,forward
WB00318,$PWDa/trimmed/I07522-L1_S38_L001_R1_001.fastq,forward
WB00319,$PWDa/trimmed/I07523-L1_S39_L001_R1_001.fastq,forward
WB00320,$PWDa/trimmed/I07524-L1_S40_L001_R1_001.fastq,forward
WB00321,$PWDa/trimmed/I07525-L1_S41_L001_R1_001.fastq,forward
WB00322,$PWDa/trimmed/I07526-L1_S42_L001_R1_001.fastq,forward
WB00323,$PWDa/trimmed/I07527-L1_S43_L001_R1_001.fastq,forward
WB00324,$PWDa/trimmed/I07528-L1_S44_L001_R1_001.fastq,forward
WB00325,$PWDa/trimmed/I07529-L1_S45_L001_R1_001.fastq,forward
WB00326,$PWDa/trimmed/I07530-L1_S46_L001_R1_001.fastq,forward
WB00327,$PWDa/trimmed/I07533-L1_S49_L001_R1_001.fastq,forward
WB00328,$PWDa/trimmed/I07534-L1_S50_L001_R1_001.fastq,forward
WB00329,$PWDa/trimmed/I07535-L1_S51_L001_R1_001.fastq,forward
WB00330,$PWDa/trimmed/I07536-L1_S52_L001_R1_001.fastq,forward
WB00331,$PWDa/trimmed/I07537-L1_S53_L001_R1_001.fastq,forward
WB00333,$PWDa/trimmed/I07539-L1_S55_L001_R1_001.fastq,forward
WB00335,$PWDa/trimmed/I07542-L1_S58_L001_R1_001.fastq,forward
WB00336,$PWDa/trimmed/I07544-L1_S60_L001_R1_001.fastq,forward
WB00337,$PWDa/trimmed/I07546-L1_S62_L001_R1_001.fastq,forward
WB00338,$PWDa/trimmed/I07548-L1_S64_L001_R1_001.fastq,forward
WB00339,$PWDa/trimmed/I07549-L1_S65_L001_R1_001.fastq,forward
WB00340,$PWDa/trimmed/I07550-L1_S66_L001_R1_001.fastq,forward
WB00341,$PWDa/trimmed/I07551-L1_S67_L001_R1_001.fastq,forward
WB00342,$PWDa/trimmed/I07552-L1_S68_L001_R1_001.fastq,forward
WB00343,$PWDa/trimmed/I07553-L1_S69_L001_R1_001.fastq,forward
WB00344,$PWDa/trimmed/I07554-L1_S70_L001_R1_001.fastq,forward
WB00345,$PWDa/trimmed/I07555-L1_S71_L001_R1_001.fastq,forward
WB00346,$PWDa/trimmed/I07556-L1_S72_L001_R1_001.fastq,forward
WB00347,$PWDa/trimmed/I07557-L1_S73_L001_R1_001.fastq,forward
WB00348,$PWDa/trimmed/I07558-L1_S74_L001_R1_001.fastq,forward
WB00349,$PWDa/trimmed/I07559-L1_S75_L001_R1_001.fastq,forward
WB00353,$PWDa/trimmed/I02115-L1_S377_L001_R1_001.fastq,forward
WB00355,$PWDa/trimmed/I02116-L1_S378_L001_R1_001.fastq,forward
WB00361,$PWDa/trimmed/I02117-L1_S379_L001_R1_001.fastq,forward
WB00362,$PWDa/trimmed/H24075-L1_S130_L001_R1_001.fastq,forward
WB00366,$PWDa/trimmed/H24079-L1_S134_L001_R1_001.fastq,forward
WB00367,$PWDa/trimmed/H24080-L1_S135_L001_R1_001.fastq,forward
WB00368,$PWDa/trimmed/H24081-L1_S136_L001_R1_001.fastq,forward
WB00369,$PWDa/trimmed/H24082-L1_S137_L001_R1_001.fastq,forward
WB00370,$PWDa/trimmed/H24083-L1_S138_L001_R1_001.fastq,forward
WB00371,$PWDa/trimmed/H24084-L1_S139_L001_R1_001.fastq,forward
WB00372,$PWDa/trimmed/H24085-L1_S140_L001_R1_001.fastq,forward
WB00377,$PWDa/trimmed/H24090-L1_S145_L001_R1_001.fastq,forward
WB00379,$PWDa/trimmed/H24092-L1_S147_L001_R1_001.fastq,forward
WB00384,$PWDa/trimmed/H24097-L1_S152_L001_R1_001.fastq,forward
WB00386,$PWDa/trimmed/H24099-L1_S154_L001_R1_001.fastq,forward
WB00390,$PWDa/trimmed/H24103-L1_S158_L001_R1_001.fastq,forward
WB00391,$PWDa/trimmed/H24104-L1_S159_L001_R1_001.fastq,forward
WB00392,$PWDa/trimmed/H24105-L1_S160_L001_R1_001.fastq,forward
WB00393,$PWDa/trimmed/H24106-L1_S161_L001_R1_001.fastq,forward
WB00394,$PWDa/trimmed/H24107-L1_S162_L001_R1_001.fastq,forward
WB00395,$PWDa/trimmed/H24108-L1_S163_L001_R1_001.fastq,forward
WB00396,$PWDa/trimmed/H24109-L1_S164_L001_R1_001.fastq,forward
WB00397,$PWDa/trimmed/H24110-L1_S165_L001_R1_001.fastq,forward
WB00398,$PWDa/trimmed/H24111-L1_S166_L001_R1_001.fastq,forward
WB00399,$PWDa/trimmed/I07560-L1_S76_L001_R1_001.fastq,forward
WB00400,$PWDa/trimmed/I07561-L1_S77_L001_R1_001.fastq,forward
WB00401,$PWDa/trimmed/I07562-L1_S78_L001_R1_001.fastq,forward
WB00402,$PWDa/trimmed/I07563-L1_S79_L001_R1_001.fastq,forward
WB00403,$PWDa/trimmed/I07564-L1_S80_L001_R1_001.fastq,forward
WB00404,$PWDa/trimmed/I07565-L1_S81_L001_R1_001.fastq,forward
WB00405,$PWDa/trimmed/I07566-L1_S82_L001_R1_001.fastq,forward
WB00406,$PWDa/trimmed/I07567-L1_S83_L001_R1_001.fastq,forward
WB00407,$PWDa/trimmed/I07568-L1_S84_L001_R1_001.fastq,forward
WB00408,$PWDa/trimmed/I07569-L1_S85_L001_R1_001.fastq,forward
WB00409,$PWDa/trimmed/I07570-L1_S86_L001_R1_001.fastq,forward
WB00410,$PWDa/trimmed/I07571-L1_S87_L001_R1_001.fastq,forward
WB00411,$PWDa/trimmed/I07574-L1_S90_L001_R1_001.fastq,forward
WB00412,$PWDa/trimmed/I07576-L1_S92_L001_R1_001.fastq,forward
WB00413,$PWDa/trimmed/I07581-L1_S97_L001_R1_001.fastq,forward
WB00414,$PWDa/trimmed/I07583-L1_S99_L001_R1_001.fastq,forward
WB00415,$PWDa/trimmed/I07585-L1_S101_L001_R1_001.fastq,forward
WB00416,$PWDa/trimmed/I07587-L1_S103_L001_R1_001.fastq,forward
WB00417,$PWDa/trimmed/I07588-L1_S104_L001_R1_001.fastq,forward
WB00418,$PWDa/trimmed/I07589-L1_S105_L001_R1_001.fastq,forward
WB00423,$PWDa/trimmed/I07594-L1_S110_L001_R1_001.fastq,forward
WB00424,$PWDa/trimmed/I07595-L1_S111_L001_R1_001.fastq,forward
WB00425,$PWDa/trimmed/I02099-L1_S361_L001_R1_001.fastq,forward
WB00426,$PWDa/trimmed/I02100-L1_S362_L001_R1_001.fastq,forward
WB00427,$PWDa/trimmed/I02101-L1_S363_L001_R1_001.fastq,forward
WB00428,$PWDa/trimmed/H31792-L1_S97_L001_R1_001.fastq,forward
WB00429,$PWDa/trimmed/H31800-L1_S105_L001_R1_001.fastq,forward
WB00430,$PWDa/trimmed/H31808-L1_S113_L001_R1_001.fastq,forward
WB00431,$PWDa/trimmed/H31816-L1_S121_L001_R1_001.fastq,forward
WB00432,$PWDa/trimmed/H31824-L1_S129_L001_R1_001.fastq,forward
WB00433,$PWDa/trimmed/H31832-L1_S137_L001_R1_001.fastq,forward
WB00434,$PWDa/trimmed/H31840-L1_S145_L001_R1_001.fastq,forward
WB00435,$PWDa/trimmed/H31848-L1_S153_L001_R1_001.fastq,forward
WB00436,$PWDa/trimmed/H31856-L1_S161_L001_R1_001.fastq,forward
WB00437,$PWDa/trimmed/I07596-L1_S112_L001_R1_001.fastq,forward
WB00438,$PWDa/trimmed/I02102-L1_S364_L001_R1_001.fastq,forward
WB00439,$PWDa/trimmed/I07598-L1_S114_L001_R1_001.fastq,forward
WB00440,$PWDa/trimmed/I02103-L1_S365_L001_R1_001.fastq,forward
WB00441,$PWDa/trimmed/I02104-L1_S366_L001_R1_001.fastq,forward
WB00447,$PWDa/trimmed/H31857-L1_S162_L001_R1_001.fastq,forward
WB00448,$PWDa/trimmed/H31865-L1_S170_L001_R1_001.fastq,forward
WB00449,$PWDa/trimmed/H31881-L1_S186_L001_R1_001.fastq,forward
WB00450,$PWDa/trimmed/H31794-L1_S99_L001_R1_001.fastq,forward
WB00450Larvae,$PWDa/trimmed/I07600-L1_S116_L001_R1_001.fastq,forward
WB00453,$PWDa/trimmed/H31826-L1_S131_L001_R1_001.fastq,forward
WB00454,$PWDa/trimmed/H31834-L1_S139_L001_R1_001.fastq,forward
WB00455,$PWDa/trimmed/H31842-L1_S147_L001_R1_001.fastq,forward
WB00457,$PWDa/trimmed/H31858-L1_S163_L001_R1_001.fastq,forward
WB00458,$PWDa/trimmed/H31866-L1_S171_L001_R1_001.fastq,forward
WB00459,$PWDa/trimmed/H31874-L1_S179_L001_R1_001.fastq,forward
WB00460,$PWDa/trimmed/H31882-L1_S187_L001_R1_001.fastq,forward
WB00461,$PWDa/trimmed/H31795-L1_S100_L001_R1_001.fastq,forward
WB00461Larvae,$PWDa/trimmed/H31803-L1_S108_L001_R1_001.fastq,forward
WB00462,$PWDa/trimmed/H31811-L1_S116_L001_R1_001.fastq,forward
WB00462Larvae,$PWDa/trimmed/I07601-L1_S117_L001_R1_001.fastq,forward
WB00463,$PWDa/trimmed/H31827-L1_S132_L001_R1_001.fastq,forward
WB00464,$PWDa/trimmed/I07604-L1_S120_L001_R1_001.fastq,forward
WB00464Larvae,$PWDa/trimmed/I07603-L1_S119_L001_R1_001.fastq,forward
WB00465,$PWDa/trimmed/I07607-L1_S123_L001_R1_001.fastq,forward
WB00465Larvae,$PWDa/trimmed/I07606-L1_S122_L001_R1_001.fastq,forward
WB00466,$PWDa/trimmed/H31867-L1_S172_L001_R1_001.fastq,forward
WB00467,$PWDa/trimmed/I07610-L1_S126_L001_R1_001.fastq,forward
WB00467Larvae,$PWDa/trimmed/I07609-L1_S125_L001_R1_001.fastq,forward
WB00468,$PWDa/trimmed/H31796-L1_S101_L001_R1_001.fastq,forward
WB00469,$PWDa/trimmed/H31804-L1_S109_L001_R1_001.fastq,forward
WB00470,$PWDa/trimmed/H31812-L1_S117_L001_R1_001.fastq,forward
WB00471,$PWDa/trimmed/H31820-L1_S125_L001_R1_001.fastq,forward
WB00472,$PWDa/trimmed/H31828-L1_S133_L001_R1_001.fastq,forward
WB00473,$PWDa/trimmed/H31836-L1_S141_L001_R1_001.fastq,forward
WB00474,$PWDa/trimmed/I07611-L1_S127_L001_R1_001.fastq,forward
WB00475,$PWDa/trimmed/I02105-L1_S367_L001_R1_001.fastq,forward
WB00477,$PWDa/trimmed/I02106-L1_S368_L001_R1_001.fastq,forward
WB00479,$PWDa/trimmed/I02107-L1_S369_L001_R1_001.fastq,forward
WB00481,$PWDa/trimmed/H31805-L1_S110_L001_R1_001.fastq,forward
WB00482,$PWDa/trimmed/H31813-L1_S118_L001_R1_001.fastq,forward
WB00483,$PWDa/trimmed/H31821-L1_S126_L001_R1_001.fastq,forward
WB00484,$PWDa/trimmed/H31829-L1_S134_L001_R1_001.fastq,forward
WB00485,$PWDa/trimmed/I02108-L1_S370_L001_R1_001.fastq,forward
WB00487,$PWDa/trimmed/I02109-L1_S371_L001_R1_001.fastq,forward
WB00489,$PWDa/trimmed/I02110-L1_S372_L001_R1_001.fastq,forward
WB00491,$PWDa/trimmed/I07612-L1_S128_L001_R1_001.fastq,forward
WB00493,$PWDa/trimmed/H31814-L1_S119_L001_R1_001.fastq,forward
WB00494,$PWDa/trimmed/H31822-L1_S127_L001_R1_001.fastq,forward
WB00495,$PWDa/trimmed/H31830-L1_S135_L001_R1_001.fastq,forward
WB00496,$PWDa/trimmed/H31846-L1_S151_L001_R1_001.fastq,forward
WB00498,$PWDa/trimmed/I07614-L1_S130_L001_R1_001.fastq,forward
WB00499,$PWDa/trimmed/H31878-L1_S183_L001_R1_001.fastq,forward
WB00504,$PWDa/trimmed/H31831-L1_S136_L001_R1_001.fastq,forward
WB00506,$PWDa/trimmed/H31863-L1_S168_L001_R1_001.fastq,forward
WB00507,$PWDa/trimmed/H31855-L1_S160_L001_R1_001.fastq,forward
WB00508,$PWDa/trimmed/H31435-L1_S193_L001_R1_001.fastq,forward
WB00509,$PWDa/trimmed/H31443-L1_S201_L001_R1_001.fastq,forward
WB00510,$PWDa/trimmed/H31451-L1_S209_L001_R1_001.fastq,forward
WB00511,$PWDa/trimmed/H31459-L1_S217_L001_R1_001.fastq,forward
WB00513,$PWDa/trimmed/H31475-L1_S233_L001_R1_001.fastq,forward
WB00514,$PWDa/trimmed/H31483-L1_S241_L001_R1_001.fastq,forward
WB00515,$PWDa/trimmed/I07616-L1_S132_L001_R1_001.fastq,forward
WB00516,$PWDa/trimmed/H31499-L1_S257_L001_R1_001.fastq,forward
WB00517,$PWDa/trimmed/H31507-L1_S265_L001_R1_001.fastq,forward
WB00518,$PWDa/trimmed/H31515-L1_S273_L001_R1_001.fastq,forward
WB00519,$PWDa/trimmed/H31523-L1_S281_L001_R1_001.fastq,forward
WB00522,$PWDa/trimmed/H31452-L1_S210_L001_R1_001.fastq,forward
WB00523,$PWDa/trimmed/H31460-L1_S218_L001_R1_001.fastq,forward
WB00524,$PWDa/trimmed/H31468-L1_S226_L001_R1_001.fastq,forward
WB00525,$PWDa/trimmed/H31476-L1_S234_L001_R1_001.fastq,forward
WB00526,$PWDa/trimmed/H31484-L1_S242_L001_R1_001.fastq,forward
WB00527,$PWDa/trimmed/H31492-L1_S250_L001_R1_001.fastq,forward
WB00528,$PWDa/trimmed/H31500-L1_S258_L001_R1_001.fastq,forward
WB00529,$PWDa/trimmed/H31508-L1_S266_L001_R1_001.fastq,forward
WB00530,$PWDa/trimmed/H31516-L1_S274_L001_R1_001.fastq,forward
WB00531,$PWDa/trimmed/H31524-L1_S282_L001_R1_001.fastq,forward
WB00532,$PWDa/trimmed/H31437-L1_S195_L001_R1_001.fastq,forward
WB00533,$PWDa/trimmed/I07618-L1_S134_L001_R1_001.fastq,forward
WB00534,$PWDa/trimmed/H31453-L1_S211_L001_R1_001.fastq,forward
WB00535,$PWDa/trimmed/H31461-L1_S219_L001_R1_001.fastq,forward
WB00536,$PWDa/trimmed/H31469-L1_S227_L001_R1_001.fastq,forward
WB00537,$PWDa/trimmed/H31477-L1_S235_L001_R1_001.fastq,forward
WB00538,$PWDa/trimmed/H31485-L1_S243_L001_R1_001.fastq,forward
WB00539,$PWDa/trimmed/H31493-L1_S251_L001_R1_001.fastq,forward
WB00540,$PWDa/trimmed/I02111-L1_S373_L001_R1_001.fastq,forward
WB00541,$PWDa/trimmed/I07619-L1_S135_L001_R1_001.fastq,forward
WB00542,$PWDa/trimmed/I02112-L1_S374_L001_R1_001.fastq,forward
WB00544,$PWDa/trimmed/I02113-L1_S375_L001_R1_001.fastq,forward
WB00545,$PWDa/trimmed/I07620-L1_S136_L001_R1_001.fastq,forward
WB00547,$PWDa/trimmed/H31462-L1_S220_L001_R1_001.fastq,forward
WB00548,$PWDa/trimmed/H31470-L1_S228_L001_R1_001.fastq,forward
WB00549,$PWDa/trimmed/H31478-L1_S236_L001_R1_001.fastq,forward
WB00550,$PWDa/trimmed/H31486-L1_S244_L001_R1_001.fastq,forward
WB00551,$PWDa/trimmed/H31494-L1_S252_L001_R1_001.fastq,forward
WB00552,$PWDa/trimmed/H31502-L1_S260_L001_R1_001.fastq,forward
WB00553,$PWDa/trimmed/I07621-L1_S137_L001_R1_001.fastq,forward
WB00554,$PWDa/trimmed/H31518-L1_S276_L001_R1_001.fastq,forward
WB00555,$PWDa/trimmed/H31526-L1_S284_L001_R1_001.fastq,forward
WB00556,$PWDa/trimmed/H31439-L1_S197_L001_R1_001.fastq,forward
WB00557,$PWDa/trimmed/H31447-L1_S205_L001_R1_001.fastq,forward
WB00558,$PWDa/trimmed/H31455-L1_S213_L001_R1_001.fastq,forward
WB00559,$PWDa/trimmed/H31463-L1_S221_L001_R1_001.fastq,forward
WB00560,$PWDa/trimmed/H31471-L1_S229_L001_R1_001.fastq,forward
WB00561,$PWDa/trimmed/H31479-L1_S237_L001_R1_001.fastq,forward
WB00562,$PWDa/trimmed/H31487-L1_S245_L001_R1_001.fastq,forward
WB00563,$PWDa/trimmed/H31495-L1_S253_L001_R1_001.fastq,forward
WB00564,$PWDa/trimmed/H31503-L1_S261_L001_R1_001.fastq,forward
WB00565,$PWDa/trimmed/H31511-L1_S269_L001_R1_001.fastq,forward
WB00566,$PWDa/trimmed/I07622-L1_S138_L001_R1_001.fastq,forward
WB00567,$PWDa/trimmed/I07623-L1_S139_L001_R1_001.fastq,forward
WB00568,$PWDa/trimmed/I07624-L1_S140_L001_R1_001.fastq,forward
WB00569,$PWDa/trimmed/I07625-L1_S141_L001_R1_001.fastq,forward
WB00570,$PWDa/trimmed/I07626-L1_S142_L001_R1_001.fastq,forward
WB00571,$PWDa/trimmed/I07629-L1_S145_L001_R1_001.fastq,forward
WB00572,$PWDa/trimmed/I07630-L1_S146_L001_R1_001.fastq,forward
WB00573,$PWDa/trimmed/I07631-L1_S147_L001_R1_001.fastq,forward
WB00574,$PWDa/trimmed/H31488-L1_S246_L001_R1_001.fastq,forward
WB00576,$PWDa/trimmed/H31504-L1_S262_L001_R1_001.fastq,forward
WB00578,$PWDa/trimmed/I07632-L1_S148_L001_R1_001.fastq,forward
WB00580,$PWDa/trimmed/H31449-L1_S207_L001_R1_001.fastq,forward
WB00582,$PWDa/trimmed/H31465-L1_S223_L001_R1_001.fastq,forward
WB00584,$PWDa/trimmed/H31489-L1_S247_L001_R1_001.fastq,forward
WB00586,$PWDa/trimmed/H31505-L1_S263_L001_R1_001.fastq,forward
WB00587,$PWDa/trimmed/H31513-L1_S271_L001_R1_001.fastq,forward
WB00588,$PWDa/trimmed/H31521-L1_S279_L001_R1_001.fastq,forward
WB00589,$PWDa/trimmed/H31442-L1_S200_L001_R1_001.fastq,forward
WB00590,$PWDa/trimmed/I07633-L1_S149_L001_R1_001.fastq,forward
WB00591,$PWDa/trimmed/H31788-L1_S93_L001_R1_001.fastq,forward
WB00592,$PWDa/trimmed/H31701-L1_S6_L001_R1_001.fastq,forward
WB00593,$PWDa/trimmed/H31709-L1_S14_L001_R1_001.fastq,forward
WB00594,$PWDa/trimmed/H31717-L1_S22_L001_R1_001.fastq,forward
WB00595,$PWDa/trimmed/H31725-L1_S30_L001_R1_001.fastq,forward
WB00596,$PWDa/trimmed/H31733-L1_S38_L001_R1_001.fastq,forward
WB00597,$PWDa/trimmed/H31741-L1_S46_L001_R1_001.fastq,forward
WB01100,$PWDa/trimmed/I07816-L1_S332_L001_R1_001.fastq,forward
WB00598,$PWDa/trimmed/H31749-L1_S54_L001_R1_001.fastq,forward
WB01101,$PWDa/trimmed/I07817-L1_S333_L001_R1_001.fastq,forward
WB00599,$PWDa/trimmed/H31757-L1_S62_L001_R1_001.fastq,forward
WB01102,$PWDa/trimmed/I07818-L1_S334_L001_R1_001.fastq,forward
WB01103,$PWDa/trimmed/I07821-L1_S337_L001_R1_001.fastq,forward
WB01104,$PWDa/trimmed/I07822-L1_S338_L001_R1_001.fastq,forward
WB01105,$PWDa/trimmed/I07823-L1_S339_L001_R1_001.fastq,forward
WB01106,$PWDa/trimmed/I07824-L1_S340_L001_R1_001.fastq,forward
WB01107,$PWDa/trimmed/I07825-L1_S341_L001_R1_001.fastq,forward
WB01108,$PWDa/trimmed/I07826-L1_S342_L001_R1_001.fastq,forward
WB01109,$PWDa/trimmed/I07827-L1_S343_L001_R1_001.fastq,forward
WB01110,$PWDa/trimmed/I07828-L1_S344_L001_R1_001.fastq,forward
WB00601,$PWDa/trimmed/I07634-L1_S150_L001_R1_001.fastq,forward
WB00602,$PWDa/trimmed/H31781-L1_S86_L001_R1_001.fastq,forward
WB00603,$PWDa/trimmed/H31702-L1_S7_L001_R1_001.fastq,forward
WB00604,$PWDa/trimmed/H31710-L1_S15_L001_R1_001.fastq,forward
WB00605,$PWDa/trimmed/H31718-L1_S23_L001_R1_001.fastq,forward
WB00606,$PWDa/trimmed/H31726-L1_S31_L001_R1_001.fastq,forward
WB00607,$PWDa/trimmed/H31734-L1_S39_L001_R1_001.fastq,forward
WB00608,$PWDa/trimmed/H31750-L1_S55_L001_R1_001.fastq,forward
WB00609,$PWDa/trimmed/H31758-L1_S63_L001_R1_001.fastq,forward
WB00610,$PWDa/trimmed/H31766-L1_S71_L001_R1_001.fastq,forward
WB00611,$PWDa/trimmed/H31774-L1_S79_L001_R1_001.fastq,forward
WB00612,$PWDa/trimmed/H31782-L1_S87_L001_R1_001.fastq,forward
WB00613,$PWDa/trimmed/H31703-L1_S8_L001_R1_001.fastq,forward
WB00614,$PWDa/trimmed/H31711-L1_S16_L001_R1_001.fastq,forward
WB00619,$PWDa/trimmed/H31759-L1_S64_L001_R1_001.fastq,forward
WB00624,$PWDa/trimmed/H32270-L1_S113_L001_R1_001.fastq,forward
WB00629,$PWDa/trimmed/H32310-L1_S153_L001_R1_001.fastq,forward
WB00634,$PWDa/trimmed/H32263-L1_S106_L001_R1_001.fastq,forward
WB00635,$PWDa/trimmed/H32271-L1_S114_L001_R1_001.fastq,forward
WB00636,$PWDa/trimmed/H32279-L1_S122_L001_R1_001.fastq,forward
WB00638,$PWDa/trimmed/H32295-L1_S138_L001_R1_001.fastq,forward
WB00639,$PWDa/trimmed/H32303-L1_S146_L001_R1_001.fastq,forward
WB00640,$PWDa/trimmed/H32311-L1_S154_L001_R1_001.fastq,forward
WB00642,$PWDa/trimmed/H32327-L1_S170_L001_R1_001.fastq,forward
WB00643,$PWDa/trimmed/H32343-L1_S186_L001_R1_001.fastq,forward
WB00644,$PWDa/trimmed/H32256-L1_S99_L001_R1_001.fastq,forward
WB00645,$PWDa/trimmed/H32264-L1_S107_L001_R1_001.fastq,forward
WB00646,$PWDa/trimmed/H32272-L1_S115_L001_R1_001.fastq,forward
WB00648,$PWDa/trimmed/H32288-L1_S131_L001_R1_001.fastq,forward
WB00650,$PWDa/trimmed/H32304-L1_S147_L001_R1_001.fastq,forward
WB00651,$PWDa/trimmed/H32312-L1_S155_L001_R1_001.fastq,forward
WB00652,$PWDa/trimmed/H32320-L1_S163_L001_R1_001.fastq,forward
WB00653,$PWDa/trimmed/H32328-L1_S171_L001_R1_001.fastq,forward
WB00654,$PWDa/trimmed/H32336-L1_S179_L001_R1_001.fastq,forward
WB00655,$PWDa/trimmed/H32344-L1_S187_L001_R1_001.fastq,forward
WB00656,$PWDa/trimmed/H32257-L1_S100_L001_R1_001.fastq,forward
WB00657,$PWDa/trimmed/H32265-L1_S108_L001_R1_001.fastq,forward
WB01111,$PWDa/trimmed/I07829-L1_S345_L001_R1_001.fastq,forward
WB00658,$PWDa/trimmed/H32273-L1_S116_L001_R1_001.fastq,forward
WB00659,$PWDa/trimmed/H32281-L1_S124_L001_R1_001.fastq,forward
WB00660,$PWDa/trimmed/H32289-L1_S132_L001_R1_001.fastq,forward
WB00661,$PWDa/trimmed/H32297-L1_S140_L001_R1_001.fastq,forward
WB00662,$PWDa/trimmed/H32305-L1_S148_L001_R1_001.fastq,forward
WB00663,$PWDa/trimmed/I07636-L1_S152_L001_R1_001.fastq,forward
WB00664,$PWDa/trimmed/H32321-L1_S164_L001_R1_001.fastq,forward
WB00665,$PWDa/trimmed/H32329-L1_S172_L001_R1_001.fastq,forward
WB00666,$PWDa/trimmed/H32337-L1_S180_L001_R1_001.fastq,forward
WB00667,$PWDa/trimmed/I07637-L1_S153_L001_R1_001.fastq,forward
WB00668,$PWDa/trimmed/H32290-L1_S133_L001_R1_001.fastq,forward
WB00669,$PWDa/trimmed/H32314-L1_S157_L001_R1_001.fastq,forward
WB00670,$PWDa/trimmed/H32338-L1_S181_L001_R1_001.fastq,forward
WB00671,$PWDa/trimmed/H32267-L1_S110_L001_R1_001.fastq,forward
WB00672,$PWDa/trimmed/H32275-L1_S118_L001_R1_001.fastq,forward
WB00673,$PWDa/trimmed/H32283-L1_S126_L001_R1_001.fastq,forward
WB01126,$PWDa/trimmed/I07844-L1_S360_L001_R1_001.fastq,forward
WB00674,$PWDa/trimmed/I07638-L1_S154_L001_R1_001.fastq,forward
WB01125,$PWDa/trimmed/I07843-L1_S359_L001_R1_001.fastq,forward
WB00675,$PWDa/trimmed/H32315-L1_S158_L001_R1_001.fastq,forward
WB01127,$PWDa/trimmed/I07845-L1_S361_L001_R1_001.fastq,forward
WB00676,$PWDa/trimmed/H32331-L1_S174_L001_R1_001.fastq,forward
WB00677,$PWDa/trimmed/H32260-L1_S103_L001_R1_001.fastq,forward
WB00678,$PWDa/trimmed/H32276-L1_S119_L001_R1_001.fastq,forward
WB00679,$PWDa/trimmed/H32292-L1_S135_L001_R1_001.fastq,forward
WB00680,$PWDa/trimmed/I07639-L1_S155_L001_R1_001.fastq,forward
WB00681,$PWDa/trimmed/H32340-L1_S183_L001_R1_001.fastq,forward
WB01128,$PWDa/trimmed/I07846-L1_S362_L001_R1_001.fastq,forward
WB00682,$PWDa/trimmed/H32269-L1_S112_L001_R1_001.fastq,forward
WB00683,$PWDa/trimmed/H32285-L1_S128_L001_R1_001.fastq,forward
WB00684,$PWDa/trimmed/H32309-L1_S152_L001_R1_001.fastq,forward
WB00685,$PWDa/trimmed/H32325-L1_S168_L001_R1_001.fastq,forward
WB00686,$PWDa/trimmed/I07640-L1_S156_L001_R1_001.fastq,forward
WB00695,$PWDa/trimmed/H31960-L1_S265_L001_R1_001.fastq,forward
WB00696,$PWDa/trimmed/H31968-L1_S273_L001_R1_001.fastq,forward
WB00697,$PWDa/trimmed/H31976-L1_S281_L001_R1_001.fastq,forward
WB00698,$PWDa/trimmed/H31889-L1_S194_L001_R1_001.fastq,forward
WB00699,$PWDa/trimmed/H31897-L1_S202_L001_R1_001.fastq,forward
WB00700,$PWDa/trimmed/H31929-L1_S234_L001_R1_001.fastq,forward
WB00701,$PWDa/trimmed/H31945-L1_S250_L001_R1_001.fastq,forward
WB00702,$PWDa/trimmed/H31961-L1_S266_L001_R1_001.fastq,forward
WB00703,$PWDa/trimmed/H31977-L1_S282_L001_R1_001.fastq,forward
WB01112,$PWDa/trimmed/I07830-L1_S346_L001_R1_001.fastq,forward
WB01113,$PWDa/trimmed/I07831-L1_S347_L001_R1_001.fastq,forward
WB01114,$PWDa/trimmed/I07832-L1_S348_L001_R1_001.fastq,forward
WB00704,$PWDa/trimmed/H31890-L1_S195_L001_R1_001.fastq,forward
WB01115,$PWDa/trimmed/I07833-L1_S349_L001_R1_001.fastq,forward
WB00705,$PWDa/trimmed/H31898-L1_S203_L001_R1_001.fastq,forward
WB00706,$PWDa/trimmed/H31906-L1_S211_L001_R1_001.fastq,forward
WB01116,$PWDa/trimmed/I07834-L1_S350_L001_R1_001.fastq,forward
WB00707,$PWDa/trimmed/H31914-L1_S219_L001_R1_001.fastq,forward
WB00708,$PWDa/trimmed/H31891-L1_S196_L001_R1_001.fastq,forward
WB00710,$PWDa/trimmed/H31907-L1_S212_L001_R1_001.fastq,forward
WB00714,$PWDa/trimmed/H31924-L1_S229_L001_R1_001.fastq,forward
WB00715,$PWDa/trimmed/H31948-L1_S253_L001_R1_001.fastq,forward
WB00716,$PWDa/trimmed/H31956-L1_S261_L001_R1_001.fastq,forward
WB00717,$PWDa/trimmed/H31964-L1_S269_L001_R1_001.fastq,forward
WB00718,$PWDa/trimmed/H31972-L1_S277_L001_R1_001.fastq,forward
WB00719,$PWDa/trimmed/H31980-L1_S285_L001_R1_001.fastq,forward
WB00720,$PWDa/trimmed/H31893-L1_S198_L001_R1_001.fastq,forward
WB00721,$PWDa/trimmed/H31901-L1_S206_L001_R1_001.fastq,forward
WB00722,$PWDa/trimmed/H31909-L1_S214_L001_R1_001.fastq,forward
WB00723,$PWDa/trimmed/H31917-L1_S222_L001_R1_001.fastq,forward
WB00724,$PWDa/trimmed/H31925-L1_S230_L001_R1_001.fastq,forward
WB00725,$PWDa/trimmed/H31933-L1_S238_L001_R1_001.fastq,forward
WB00726,$PWDa/trimmed/H31949-L1_S254_L001_R1_001.fastq,forward
WB00727,$PWDa/trimmed/H31965-L1_S270_L001_R1_001.fastq,forward
WB00728,$PWDa/trimmed/H31894-L1_S199_L001_R1_001.fastq,forward
WB00729,$PWDa/trimmed/H31910-L1_S215_L001_R1_001.fastq,forward
WB00730,$PWDa/trimmed/H31918-L1_S223_L001_R1_001.fastq,forward
WB00731,$PWDa/trimmed/H31926-L1_S231_L001_R1_001.fastq,forward
WB00732,$PWDa/trimmed/H31942-L1_S247_L001_R1_001.fastq,forward
WB00733,$PWDa/trimmed/H31950-L1_S255_L001_R1_001.fastq,forward
WB00734,$PWDa/trimmed/H31958-L1_S263_L001_R1_001.fastq,forward
WB00735,$PWDa/trimmed/H31966-L1_S271_L001_R1_001.fastq,forward
WB00736,$PWDa/trimmed/H31974-L1_S279_L001_R1_001.fastq,forward
WB00737,$PWDa/trimmed/H31895-L1_S200_L001_R1_001.fastq,forward
WB00739,$PWDa/trimmed/I07643-L1_S159_L001_R1_001.fastq,forward
WB00740,$PWDa/trimmed/H31919-L1_S224_L001_R1_001.fastq,forward
WB00741,$PWDa/trimmed/H31927-L1_S232_L001_R1_001.fastq,forward
WB00742,$PWDa/trimmed/H31943-L1_S248_L001_R1_001.fastq,forward
WB00743,$PWDa/trimmed/H31951-L1_S256_L001_R1_001.fastq,forward
WB00744,$PWDa/trimmed/H31959-L1_S264_L001_R1_001.fastq,forward
WB00745,$PWDa/trimmed/H31967-L1_S272_L001_R1_001.fastq,forward
WB00746,$PWDa/trimmed/H31984-L1_S289_L001_R1_001.fastq,forward
WB00747,$PWDa/trimmed/I07644-L1_S160_L001_R1_001.fastq,forward
WB00748,$PWDa/trimmed/I07645-L1_S161_L001_R1_001.fastq,forward
WB00749,$PWDa/trimmed/H32008-L1_S313_L001_R1_001.fastq,forward
WB00750,$PWDa/trimmed/H32016-L1_S321_L001_R1_001.fastq,forward
WB00751,$PWDa/trimmed/H32024-L1_S329_L001_R1_001.fastq,forward
WB00752,$PWDa/trimmed/H32032-L1_S337_L001_R1_001.fastq,forward
WB00753,$PWDa/trimmed/H32040-L1_S345_L001_R1_001.fastq,forward
WB00754,$PWDa/trimmed/H32048-L1_S353_L001_R1_001.fastq,forward
WB00755,$PWDa/trimmed/H32056-L1_S361_L001_R1_001.fastq,forward
WB00756,$PWDa/trimmed/H32064-L1_S369_L001_R1_001.fastq,forward
WB00757,$PWDa/trimmed/H32072-L1_S377_L001_R1_001.fastq,forward
WB00758,$PWDa/trimmed/H31985-L1_S290_L001_R1_001.fastq,forward
WB00759,$PWDa/trimmed/H31993-L1_S298_L001_R1_001.fastq,forward
WB00760,$PWDa/trimmed/H32001-L1_S306_L001_R1_001.fastq,forward
WB00761,$PWDa/trimmed/H32009-L1_S314_L001_R1_001.fastq,forward
WB00762,$PWDa/trimmed/H32017-L1_S322_L001_R1_001.fastq,forward
WB00763,$PWDa/trimmed/H32025-L1_S330_L001_R1_001.fastq,forward
WB00764,$PWDa/trimmed/H32033-L1_S338_L001_R1_001.fastq,forward
WB00765,$PWDa/trimmed/H32041-L1_S346_L001_R1_001.fastq,forward
WB00766,$PWDa/trimmed/H32049-L1_S354_L001_R1_001.fastq,forward
WB00767,$PWDa/trimmed/H32057-L1_S362_L001_R1_001.fastq,forward
WB00768,$PWDa/trimmed/H32065-L1_S370_L001_R1_001.fastq,forward
WB00769,$PWDa/trimmed/H32073-L1_S378_L001_R1_001.fastq,forward
WB00770,$PWDa/trimmed/H31986-L1_S291_L001_R1_001.fastq,forward
WB00771,$PWDa/trimmed/H31994-L1_S299_L001_R1_001.fastq,forward
WB00772,$PWDa/trimmed/H32002-L1_S307_L001_R1_001.fastq,forward
WB00773,$PWDa/trimmed/H32010-L1_S315_L001_R1_001.fastq,forward
WB00774,$PWDa/trimmed/I07646-L1_S162_L001_R1_001.fastq,forward
WB00775,$PWDa/trimmed/I07647-L1_S163_L001_R1_001.fastq,forward
WB00776,$PWDa/trimmed/H32034-L1_S339_L001_R1_001.fastq,forward
WB00777,$PWDa/trimmed/I07648-L1_S164_L001_R1_001.fastq,forward
WB00778,$PWDa/trimmed/H32050-L1_S355_L001_R1_001.fastq,forward
WB00779,$PWDa/trimmed/H32058-L1_S363_L001_R1_001.fastq,forward
WB00780,$PWDa/trimmed/H32066-L1_S371_L001_R1_001.fastq,forward
WB00781,$PWDa/trimmed/I07649-L1_S165_L001_R1_001.fastq,forward
WB00782,$PWDa/trimmed/H31987-L1_S292_L001_R1_001.fastq,forward
WB00783,$PWDa/trimmed/H31995-L1_S300_L001_R1_001.fastq,forward
WB00784,$PWDa/trimmed/H32003-L1_S308_L001_R1_001.fastq,forward
WB00785,$PWDa/trimmed/H32011-L1_S316_L001_R1_001.fastq,forward
WB00788,$PWDa/trimmed/H32035-L1_S340_L001_R1_001.fastq,forward
WB00789,$PWDa/trimmed/I07650-L1_S166_L001_R1_001.fastq,forward
WB00790,$PWDa/trimmed/H32051-L1_S356_L001_R1_001.fastq,forward
WB00791,$PWDa/trimmed/H32059-L1_S364_L001_R1_001.fastq,forward
WB00792,$PWDa/trimmed/I07651-L1_S167_L001_R1_001.fastq,forward
WB00793,$PWDa/trimmed/H32075-L1_S380_L001_R1_001.fastq,forward
WB00794,$PWDa/trimmed/H31988-L1_S293_L001_R1_001.fastq,forward
WB00795,$PWDa/trimmed/H31996-L1_S301_L001_R1_001.fastq,forward
WB00796,$PWDa/trimmed/H32004-L1_S309_L001_R1_001.fastq,forward
WB00797,$PWDa/trimmed/H32012-L1_S317_L001_R1_001.fastq,forward
WB00798,$PWDa/trimmed/H32020-L1_S325_L001_R1_001.fastq,forward
WB00800,$PWDa/trimmed/H32036-L1_S341_L001_R1_001.fastq,forward
WB00802,$PWDa/trimmed/H32052-L1_S357_L001_R1_001.fastq,forward
WB00803,$PWDa/trimmed/H32060-L1_S365_L001_R1_001.fastq,forward
WB00805,$PWDa/trimmed/H32076-L1_S381_L001_R1_001.fastq,forward
WB00807,$PWDa/trimmed/H31997-L1_S302_L001_R1_001.fastq,forward
WB00808,$PWDa/trimmed/H32005-L1_S310_L001_R1_001.fastq,forward
WB00809,$PWDa/trimmed/I07653-L1_S169_L001_R1_001.fastq,forward
WB00810,$PWDa/trimmed/H32021-L1_S326_L001_R1_001.fastq,forward
WB01122,$PWDa/trimmed/I07840-L1_S356_L001_R1_001.fastq,forward
WB01123,$PWDa/trimmed/I07841-L1_S357_L001_R1_001.fastq,forward
WB00811,$PWDa/trimmed/H32029-L1_S334_L001_R1_001.fastq,forward
WB00812,$PWDa/trimmed/H32037-L1_S342_L001_R1_001.fastq,forward
WB00813,$PWDa/trimmed/H32045-L1_S350_L001_R1_001.fastq,forward
WB00814,$PWDa/trimmed/I07655-L1_S171_L001_R1_001.fastq,forward
WB00815,$PWDa/trimmed/H32061-L1_S366_L001_R1_001.fastq,forward
WB00816,$PWDa/trimmed/I07657-L1_S173_L001_R1_001.fastq,forward
WB00817,$PWDa/trimmed/I07659-L1_S175_L001_R1_001.fastq,forward
WB00818,$PWDa/trimmed/H31998-L1_S303_L001_R1_001.fastq,forward
WB00819,$PWDa/trimmed/H32006-L1_S311_L001_R1_001.fastq,forward
WB00820,$PWDa/trimmed/H32014-L1_S319_L001_R1_001.fastq,forward
WB00821,$PWDa/trimmed/H32022-L1_S327_L001_R1_001.fastq,forward
WB00822,$PWDa/trimmed/I07661-L1_S177_L001_R1_001.fastq,forward
WB00823,$PWDa/trimmed/I07663-L1_S179_L001_R1_001.fastq,forward
WB00824,$PWDa/trimmed/I07665-L1_S181_L001_R1_001.fastq,forward
WB00825,$PWDa/trimmed/H32062-L1_S367_L001_R1_001.fastq,forward
WB00826,$PWDa/trimmed/H32070-L1_S375_L001_R1_001.fastq,forward
WB00827,$PWDa/trimmed/I07667-L1_S183_L001_R1_001.fastq,forward
WB00828,$PWDa/trimmed/I07670-L1_S186_L001_R1_001.fastq,forward
WB01117,$PWDa/trimmed/I07835-L1_S351_L001_R1_001.fastq,forward
WB01118,$PWDa/trimmed/I07836-L1_S352_L001_R1_001.fastq,forward
WB01119,$PWDa/trimmed/I07837-L1_S353_L001_R1_001.fastq,forward
WB01120,$PWDa/trimmed/I07838-L1_S354_L001_R1_001.fastq,forward
WB01121,$PWDa/trimmed/I07839-L1_S355_L001_R1_001.fastq,forward
WB00829,$PWDa/trimmed/I07671-L1_S187_L001_R1_001.fastq,forward
WB00830,$PWDa/trimmed/I07672-L1_S188_L001_R1_001.fastq,forward
WB00831,$PWDa/trimmed/I07673-L1_S189_L001_R1_001.fastq,forward
WB00832,$PWDa/trimmed/I07677-L1_S193_L001_R1_001.fastq,forward
WB00833,$PWDa/trimmed/I07678-L1_S194_L001_R1_001.fastq,forward
WB00834,$PWDa/trimmed/I07679-L1_S195_L001_R1_001.fastq,forward
WB00835,$PWDa/trimmed/I07680-L1_S196_L001_R1_001.fastq,forward
WB00836,$PWDa/trimmed/I07681-L1_S197_L001_R1_001.fastq,forward
WB00837,$PWDa/trimmed/I07682-L1_S198_L001_R1_001.fastq,forward
WB00838,$PWDa/trimmed/I07683-L1_S199_L001_R1_001.fastq,forward
WB00839,$PWDa/trimmed/I08239-L1_S371_L001_R1_001.fastq,forward
WB00840,$PWDa/trimmed/I08240-L1_S372_L001_R1_001.fastq,forward
WB00841,$PWDa/trimmed/I08241-L1_S373_L001_R1_001.fastq,forward
WB00843,$PWDa/trimmed/I08242-L1_S374_L001_R1_001.fastq,forward
WB00846,$PWDa/trimmed/I08243-L1_S375_L001_R1_001.fastq,forward
WB00848,$PWDa/trimmed/I08245-L1_S377_L001_R1_001.fastq,forward
WB00850,$PWDa/trimmed/I08246-L1_S378_L001_R1_001.fastq,forward
WB00852,$PWDa/trimmed/I08247-L1_S379_L001_R1_001.fastq,forward
WB00853,$PWDa/trimmed/I08248-L1_S380_L001_R1_001.fastq,forward
WB00854,$PWDa/trimmed/I08249-L1_S381_L001_R1_001.fastq,forward
WB00855,$PWDa/trimmed/H31304-L1_S62_L001_R1_001.fastq,forward
WB00856,$PWDa/trimmed/H31312-L1_S70_L001_R1_001.fastq,forward
WB00857,$PWDa/trimmed/H31320-L1_S78_L001_R1_001.fastq,forward
WB00858,$PWDa/trimmed/H31328-L1_S86_L001_R1_001.fastq,forward
WB00859,$PWDa/trimmed/H31249-L1_S7_L001_R1_001.fastq,forward
WB00860,$PWDa/trimmed/H31257-L1_S15_L001_R1_001.fastq,forward
WB00861,$PWDa/trimmed/H31265-L1_S23_L001_R1_001.fastq,forward
WB00862,$PWDa/trimmed/H31273-L1_S31_L001_R1_001.fastq,forward
WB00863,$PWDa/trimmed/H31281-L1_S39_L001_R1_001.fastq,forward
WB00864,$PWDa/trimmed/H31297-L1_S55_L001_R1_001.fastq,forward
WB00865,$PWDa/trimmed/H31305-L1_S63_L001_R1_001.fastq,forward
WB00866,$PWDa/trimmed/H31313-L1_S71_L001_R1_001.fastq,forward
WB00867,$PWDa/trimmed/H31321-L1_S79_L001_R1_001.fastq,forward
WB00868,$PWDa/trimmed/H31329-L1_S87_L001_R1_001.fastq,forward
WB00869,$PWDa/trimmed/I07684-L1_S200_L001_R1_001.fastq,forward
WB00870,$PWDa/trimmed/I07685-L1_S201_L001_R1_001.fastq,forward
WB00871,$PWDa/trimmed/I07686-L1_S202_L001_R1_001.fastq,forward
WB00872,$PWDa/trimmed/I07687-L1_S203_L001_R1_001.fastq,forward
WB00873,$PWDa/trimmed/I01847-L1_S109_L001_R1_001.fastq,forward
WB00874,$PWDa/trimmed/I01848-L1_S110_L001_R1_001.fastq,forward
WB00875,$PWDa/trimmed/I01849-L1_S111_L001_R1_001.fastq,forward
WB00876,$PWDa/trimmed/I07688-L1_S204_L001_R1_001.fastq,forward
WB00877,$PWDa/trimmed/I07690-L1_S206_L001_R1_001.fastq,forward
WB00878,$PWDa/trimmed/I01852-L1_S114_L001_R1_001.fastq,forward
WB00879,$PWDa/trimmed/I01853-L1_S115_L001_R1_001.fastq,forward
WB00880,$PWDa/trimmed/I01854-L1_S116_L001_R1_001.fastq,forward
WB00881,$PWDa/trimmed/I01855-L1_S117_L001_R1_001.fastq,forward
WB00882,$PWDa/trimmed/I01856-L1_S118_L001_R1_001.fastq,forward
WB00883,$PWDa/trimmed/I01857-L1_S119_L001_R1_001.fastq,forward
WB00884,$PWDa/trimmed/I01858-L1_S120_L001_R1_001.fastq,forward
WB00885,$PWDa/trimmed/I01859-L1_S121_L001_R1_001.fastq,forward
WB00886,$PWDa/trimmed/I01860-L1_S122_L001_R1_001.fastq,forward
WB00887,$PWDa/trimmed/I01861-L1_S123_L001_R1_001.fastq,forward
WB00888,$PWDa/trimmed/I01862-L1_S124_L001_R1_001.fastq,forward
WB00889,$PWDa/trimmed/I07692-L1_S208_L001_R1_001.fastq,forward
WB00890,$PWDa/trimmed/I07694-L1_S210_L001_R1_001.fastq,forward
WB00891,$PWDa/trimmed/I07696-L1_S212_L001_R1_001.fastq,forward
WB00892,$PWDa/trimmed/I01866-L1_S128_L001_R1_001.fastq,forward
WB00893,$PWDa/trimmed/I07698-L1_S214_L001_R1_001.fastq,forward
WB00894,$PWDa/trimmed/I01868-L1_S130_L001_R1_001.fastq,forward
WB00895,$PWDa/trimmed/I01869-L1_S131_L001_R1_001.fastq,forward
WB00896,$PWDa/trimmed/I01870-L1_S132_L001_R1_001.fastq,forward
WB00897,$PWDa/trimmed/I01871-L1_S133_L001_R1_001.fastq,forward
WB00898,$PWDa/trimmed/I01872-L1_S134_L001_R1_001.fastq,forward
WB00899,$PWDa/trimmed/I01873-L1_S135_L001_R1_001.fastq,forward
WB00900,$PWDa/trimmed/I01874-L1_S136_L001_R1_001.fastq,forward
WB00901,$PWDa/trimmed/I01875-L1_S137_L001_R1_001.fastq,forward
WB00902,$PWDa/trimmed/I07699-L1_S215_L001_R1_001.fastq,forward
WB00903,$PWDa/trimmed/I07700-L1_S216_L001_R1_001.fastq,forward
WB00904,$PWDa/trimmed/I01878-L1_S140_L001_R1_001.fastq,forward
WB00905,$PWDa/trimmed/I01879-L1_S141_L001_R1_001.fastq,forward
WB00906,$PWDa/trimmed/I01880-L1_S142_L001_R1_001.fastq,forward
WB00907,$PWDa/trimmed/I01883-L1_S145_L001_R1_001.fastq,forward
WB00908,$PWDa/trimmed/I01884-L1_S146_L001_R1_001.fastq,forward
WB00909,$PWDa/trimmed/I01885-L1_S147_L001_R1_001.fastq,forward
WB00910,$PWDa/trimmed/I01886-L1_S148_L001_R1_001.fastq,forward
WB00911,$PWDa/trimmed/I01887-L1_S149_L001_R1_001.fastq,forward
WB00912,$PWDa/trimmed/I01888-L1_S150_L001_R1_001.fastq,forward
WB00913,$PWDa/trimmed/I07701-L1_S217_L001_R1_001.fastq,forward
WB00914,$PWDa/trimmed/I07702-L1_S218_L001_R1_001.fastq,forward
WB00914Larvae,$PWDa/trimmed/I01891-L1_S153_L001_R1_001.fastq,forward
WB00915,$PWDa/trimmed/I01892-L1_S154_L001_R1_001.fastq,forward
WB00916,$PWDa/trimmed/I07703-L1_S219_L001_R1_001.fastq,forward
WB00917,$PWDa/trimmed/I01894-L1_S156_L001_R1_001.fastq,forward
WB00918,$PWDa/trimmed/I01895-L1_S157_L001_R1_001.fastq,forward
WB00919,$PWDa/trimmed/I01896-L1_S158_L001_R1_001.fastq,forward
WB00920,$PWDa/trimmed/I01897-L1_S159_L001_R1_001.fastq,forward
WB00921,$PWDa/trimmed/I07704-L1_S220_L001_R1_001.fastq,forward
WB00922,$PWDa/trimmed/I01899-L1_S161_L001_R1_001.fastq,forward
WB00923,$PWDa/trimmed/I01900-L1_S162_L001_R1_001.fastq,forward
WB00924,$PWDa/trimmed/I01901-L1_S163_L001_R1_001.fastq,forward
WB00925,$PWDa/trimmed/I01902-L1_S164_L001_R1_001.fastq,forward
WB00927,$PWDa/trimmed/I07705-L1_S221_L001_R1_001.fastq,forward
WB00928,$PWDa/trimmed/I07706-L1_S222_L001_R1_001.fastq,forward
WB00929,$PWDa/trimmed/I07707-L1_S223_L001_R1_001.fastq,forward
WB00930,$PWDa/trimmed/I07708-L1_S224_L001_R1_001.fastq,forward
WB00931,$PWDa/trimmed/I01908-L1_S170_L001_R1_001.fastq,forward
WB00932,$PWDa/trimmed/I01909-L1_S171_L001_R1_001.fastq,forward
WB00933,$PWDa/trimmed/I01910-L1_S172_L001_R1_001.fastq,forward
WB00934,$PWDa/trimmed/I01911-L1_S173_L001_R1_001.fastq,forward
WB00935,$PWDa/trimmed/I01912-L1_S174_L001_R1_001.fastq,forward
WB00936,$PWDa/trimmed/I01913-L1_S175_L001_R1_001.fastq,forward
WB00937,$PWDa/trimmed/I01914-L1_S176_L001_R1_001.fastq,forward
WB00938,$PWDa/trimmed/I01915-L1_S177_L001_R1_001.fastq,forward
WB00939,$PWDa/trimmed/I01916-L1_S178_L001_R1_001.fastq,forward
WB00940,$PWDa/trimmed/I01917-L1_S179_L001_R1_001.fastq,forward
WB00941,$PWDa/trimmed/I01918-L1_S180_L001_R1_001.fastq,forward
WB00942,$PWDa/trimmed/I01919-L1_S181_L001_R1_001.fastq,forward
WB00943,$PWDa/trimmed/I07709-L1_S225_L001_R1_001.fastq,forward
WB00945,$PWDa/trimmed/I01923-L1_S185_L001_R1_001.fastq,forward
WB00946,$PWDa/trimmed/I01924-L1_S186_L001_R1_001.fastq,forward
WB00947,$PWDa/trimmed/I01925-L1_S187_L001_R1_001.fastq,forward
WB00948,$PWDa/trimmed/I01926-L1_S188_L001_R1_001.fastq,forward
WB00949,$PWDa/trimmed/I01927-L1_S189_L001_R1_001.fastq,forward
WB00950,$PWDa/trimmed/I07712-L1_S228_L001_R1_001.fastq,forward
WB00951,$PWDa/trimmed/I01932-L1_S194_L001_R1_001.fastq,forward
WB00952,$PWDa/trimmed/I07713-L1_S229_L001_R1_001.fastq,forward
WB00953,$PWDa/trimmed/I01934-L1_S196_L001_R1_001.fastq,forward
WB00954,$PWDa/trimmed/I01935-L1_S197_L001_R1_001.fastq,forward
WB00955,$PWDa/trimmed/I01936-L1_S198_L001_R1_001.fastq,forward
WB00956,$PWDa/trimmed/I01937-L1_S199_L001_R1_001.fastq,forward
WB00957,$PWDa/trimmed/I01938-L1_S200_L001_R1_001.fastq,forward
WB00958,$PWDa/trimmed/I01939-L1_S201_L001_R1_001.fastq,forward
WB00959,$PWDa/trimmed/I01940-L1_S202_L001_R1_001.fastq,forward
WB00960,$PWDa/trimmed/I01941-L1_S203_L001_R1_001.fastq,forward
WB00961,$PWDa/trimmed/I01942-L1_S204_L001_R1_001.fastq,forward
WB00962,$PWDa/trimmed/I01943-L1_S205_L001_R1_001.fastq,forward
WB00963,$PWDa/trimmed/I01944-L1_S206_L001_R1_001.fastq,forward
WB00964,$PWDa/trimmed/I01945-L1_S207_L001_R1_001.fastq,forward
WB00965,$PWDa/trimmed/I01946-L1_S208_L001_R1_001.fastq,forward
WB00966,$PWDa/trimmed/I01947-L1_S209_L001_R1_001.fastq,forward
WB00967,$PWDa/trimmed/I01948-L1_S210_L001_R1_001.fastq,forward
WB00968,$PWDa/trimmed/I01949-L1_S211_L001_R1_001.fastq,forward
WB00969,$PWDa/trimmed/I01950-L1_S212_L001_R1_001.fastq,forward
WB00970,$PWDa/trimmed/I01951-L1_S213_L001_R1_001.fastq,forward
WB00971,$PWDa/trimmed/I01952-L1_S214_L001_R1_001.fastq,forward
WB00972,$PWDa/trimmed/I01953-L1_S215_L001_R1_001.fastq,forward
WB00973,$PWDa/trimmed/I01954-L1_S216_L001_R1_001.fastq,forward
WB00974,$PWDa/trimmed/I01955-L1_S217_L001_R1_001.fastq,forward
WB00975,$PWDa/trimmed/I01956-L1_S218_L001_R1_001.fastq,forward
WB00976,$PWDa/trimmed/I01957-L1_S219_L001_R1_001.fastq,forward
WB00977,$PWDa/trimmed/I01958-L1_S220_L001_R1_001.fastq,forward
WB00978,$PWDa/trimmed/I01959-L1_S221_L001_R1_001.fastq,forward
WB00979,$PWDa/trimmed/I01960-L1_S222_L001_R1_001.fastq,forward
WB00980,$PWDa/trimmed/I07715-L1_S231_L001_R1_001.fastq,forward
WB00981,$PWDa/trimmed/I07716-L1_S232_L001_R1_001.fastq,forward
WB00983,$PWDa/trimmed/I01964-L1_S226_L001_R1_001.fastq,forward
WB00984,$PWDa/trimmed/I07717-L1_S233_L001_R1_001.fastq,forward
WB00985,$PWDa/trimmed/I07718-L1_S234_L001_R1_001.fastq,forward
WB00986,$PWDa/trimmed/I07719-L1_S235_L001_R1_001.fastq,forward
WB00988,$PWDa/trimmed/I07721-L1_S237_L001_R1_001.fastq,forward
WB00989,$PWDa/trimmed/I07722-L1_S238_L001_R1_001.fastq,forward
WB00990,$PWDa/trimmed/I07725-L1_S241_L001_R1_001.fastq,forward
WB00991,$PWDa/trimmed/I01972-L1_S234_L001_R1_001.fastq,forward
WB00992,$PWDa/trimmed/I07726-L1_S242_L001_R1_001.fastq,forward
WB00993Wdh,$PWDa/trimmed/I01975-L1_S237_L001_R1_001.fastq,forward
WB00994,$PWDa/trimmed/I01976-L1_S238_L001_R1_001.fastq,forward
WB00995,$PWDa/trimmed/I01979-L1_S241_L001_R1_001.fastq,forward
WB00996,$PWDa/trimmed/I01980-L1_S242_L001_R1_001.fastq,forward
WB00997,$PWDa/trimmed/I01981-L1_S243_L001_R1_001.fastq,forward
WB00998,$PWDa/trimmed/I01982-L1_S244_L001_R1_001.fastq,forward
WB00999,$PWDa/trimmed/I01983-L1_S245_L001_R1_001.fastq,forward
WB01000,$PWDa/trimmed/I01984-L1_S246_L001_R1_001.fastq,forward
WB01001,$PWDa/trimmed/I01985-L1_S247_L001_R1_001.fastq,forward
WB01002,$PWDa/trimmed/I01986-L1_S248_L001_R1_001.fastq,forward
WB01003,$PWDa/trimmed/I01987-L1_S249_L001_R1_001.fastq,forward
WB01004,$PWDa/trimmed/I07727-L1_S243_L001_R1_001.fastq,forward
WB01005,$PWDa/trimmed/I01989-L1_S251_L001_R1_001.fastq,forward
WB01006,$PWDa/trimmed/I01990-L1_S252_L001_R1_001.fastq,forward
WB01006Larvae,$PWDa/trimmed/I07729-L1_S245_L001_R1_001.fastq,forward
WB01007,$PWDa/trimmed/I01992-L1_S254_L001_R1_001.fastq,forward
WB01008,$PWDa/trimmed/I01993-L1_S255_L001_R1_001.fastq,forward
WB01009,$PWDa/trimmed/I01994-L1_S256_L001_R1_001.fastq,forward
WB01010,$PWDa/trimmed/I01995-L1_S257_L001_R1_001.fastq,forward
WB01011,$PWDa/trimmed/I01996-L1_S258_L001_R1_001.fastq,forward
WB01012,$PWDa/trimmed/I01997-L1_S259_L001_R1_001.fastq,forward
WB01013,$PWDa/trimmed/I01998-L1_S260_L001_R1_001.fastq,forward
WB01014,$PWDa/trimmed/I01999-L1_S261_L001_R1_001.fastq,forward
WB01015,$PWDa/trimmed/I07730-L1_S246_L001_R1_001.fastq,forward
WB01016,$PWDa/trimmed/I07731-L1_S247_L001_R1_001.fastq,forward
WB01017,$PWDa/trimmed/I07732-L1_S248_L001_R1_001.fastq,forward
WB01018,$PWDa/trimmed/I02003-L1_S265_L001_R1_001.fastq,forward
WB01019,$PWDa/trimmed/I02004-L1_S266_L001_R1_001.fastq,forward
WB01020,$PWDa/trimmed/I02005-L1_S267_L001_R1_001.fastq,forward
WB01021,$PWDa/trimmed/I02006-L1_S268_L001_R1_001.fastq,forward
WB01022,$PWDa/trimmed/I07734-L1_S250_L001_R1_001.fastq,forward
WB01023,$PWDa/trimmed/I02008-L1_S270_L001_R1_001.fastq,forward
WB01024,$PWDa/trimmed/I07736-L1_S252_L001_R1_001.fastq,forward
WB01025,$PWDa/trimmed/I02010-L1_S272_L001_R1_001.fastq,forward
WB01026,$PWDa/trimmed/I02011-L1_S273_L001_R1_001.fastq,forward
WB01027,$PWDa/trimmed/I02012-L1_S274_L001_R1_001.fastq,forward
WB01028,$PWDa/trimmed/I02013-L1_S275_L001_R1_001.fastq,forward
WB01029,$PWDa/trimmed/I07737-L1_S253_L001_R1_001.fastq,forward
WB01030,$PWDa/trimmed/I07738-L1_S254_L001_R1_001.fastq,forward
WB01031,$PWDa/trimmed/I02016-L1_S278_L001_R1_001.fastq,forward
WB01032,$PWDa/trimmed/I07739-L1_S255_L001_R1_001.fastq,forward
WB01033,$PWDa/trimmed/I07740-L1_S256_L001_R1_001.fastq,forward
WB01034,$PWDa/trimmed/I07741-L1_S257_L001_R1_001.fastq,forward
WB01036,$PWDa/trimmed/I07742-L1_S258_L001_R1_001.fastq,forward
WB01037,$PWDa/trimmed/I07743-L1_S259_L001_R1_001.fastq,forward
WB01038,$PWDa/trimmed/I07744-L1_S260_L001_R1_001.fastq,forward
WB01039,$PWDa/trimmed/I07745-L1_S261_L001_R1_001.fastq,forward
WB01040,$PWDa/trimmed/I07746-L1_S262_L001_R1_001.fastq,forward
WB01041,$PWDa/trimmed/I07748-L1_S264_L001_R1_001.fastq,forward
WB01042,$PWDa/trimmed/I07750-L1_S266_L001_R1_001.fastq,forward
WB01043,$PWDa/trimmed/I07752-L1_S268_L001_R1_001.fastq,forward
WB01044,$PWDa/trimmed/I07754-L1_S270_L001_R1_001.fastq,forward
WB01045,$PWDa/trimmed/I07756-L1_S272_L001_R1_001.fastq,forward
WB01046,$PWDa/trimmed/I02035-L1_S297_L001_R1_001.fastq,forward
WB01047,$PWDa/trimmed/I02036-L1_S298_L001_R1_001.fastq,forward
WB01048,$PWDa/trimmed/I02037-L1_S299_L001_R1_001.fastq,forward
WB01049,$PWDa/trimmed/I02038-L1_S300_L001_R1_001.fastq,forward
WB01079,$PWDa/trimmed/I02085-L1_S347_L001_R1_001.fastq,forward
WB01083,$PWDa/trimmed/I02089-L1_S351_L001_R1_001.fastq,forward
WB01081,$PWDa/trimmed/I07786-L1_S302_L001_R1_001.fastq,forward
WB01086,$PWDa/trimmed/I07788-L1_S304_L001_R1_001.fastq,forward
WB01080,$PWDa/trimmed/I02086-L1_S348_L001_R1_001.fastq,forward
WB01082,$PWDa/trimmed/I07787-L1_S303_L001_R1_001.fastq,forward
WB01084,$PWDa/trimmed/I02090-L1_S352_L001_R1_001.fastq,forward
WB01085,$PWDa/trimmed/I02091-L1_S353_L001_R1_001.fastq,forward
K921,$PWDa/trimmed/H06259-L1_S189_L001_R1_001.fastq,forward
K0921A,$PWDa/trimmed/H06263-L1_S193_L001_R1_001.fastq,forward
K931,$PWDa/trimmed/H06267-L1_S197_L001_R1_001.fastq,forward
K0931A,$PWDa/trimmed/H06271-L1_S201_L001_R1_001.fastq,forward
K932,$PWDa/trimmed/H06344-L1_S274_L001_R1_001.fastq,forward
K941,$PWDa/trimmed/H06278-L1_S208_L001_R1_001.fastq,forward
K942,$PWDa/trimmed/H06282-L1_S212_L001_R1_001.fastq,forward
K0942A,$PWDa/trimmed/H06290-L1_S220_L001_R1_001.fastq,forward
K943,$PWDa/trimmed/H06286-L1_S216_L001_R1_001.fastq,forward
K1231,$PWDa/trimmed/H06293-L1_S223_L001_R1_001.fastq,forward
K1541,$PWDa/trimmed/H06073-L1_S3_L001_R1_001.fastq,forward
K1551,$PWDa/trimmed/H06077-L1_S7_L001_R1_001.fastq,forward
K1931,$PWDa/trimmed/H06297-L1_S227_L001_R1_001.fastq,forward
K1932,$PWDa/trimmed/H06301-L1_S231_L001_R1_001.fastq,forward
K1933,$PWDa/trimmed/H06305-L1_S235_L001_R1_001.fastq,forward
K1934,$PWDa/trimmed/H06309-L1_S239_L001_R1_001.fastq,forward
K1935,$PWDa/trimmed/H06313-L1_S243_L001_R1_001.fastq,forward
K1936,$PWDa/trimmed/H06317-L1_S247_L001_R1_001.fastq,forward
K1941,$PWDa/trimmed/H06093-L1_S23_L001_R1_001.fastq,forward
K1961,$PWDa/trimmed/H06097-L1_S27_L001_R1_001.fastq,forward
K1971,$PWDa/trimmed/H06101-L1_S31_L001_R1_001.fastq,forward
K1973,$PWDa/trimmed/H06109-L1_S39_L001_R1_001.fastq,forward
K1981,$PWDa/trimmed/H06113-L1_S43_L001_R1_001.fastq,forward
K1982,$PWDa/trimmed/H06115-L1_S45_L001_R1_001.fastq,forward
K200,$PWDa/trimmed/H06119-L1_S49_L001_R1_001.fastq,forward
K2004,$PWDa/trimmed/H06122-L1_S52_L001_R1_001.fastq,forward
K2004A,$PWDa/trimmed/H06125-L1_S55_L001_R1_001.fastq,forward
K2005,$PWDa/trimmed/H06129-L1_S59_L001_R1_001.fastq,forward
K2081,$PWDa/trimmed/H06147-L1_S77_L001_R1_001.fastq,forward
K2082,$PWDa/trimmed/H06151-L1_S81_L001_R1_001.fastq,forward
K2161,$PWDa/trimmed/H06325-L1_S255_L001_R1_001.fastq,forward
K2162,$PWDa/trimmed/H06329-L1_S259_L001_R1_001.fastq,forward
BS001,$PWDa/trimmed/I29376-L1_S251_L001_R1_001.fastq,forward
BS002,$PWDa/trimmed/I29377-L1_S252_L001_R1_001.fastq,forward
BS005,$PWDa/trimmed/I29378-L1_S253_L001_R1_001.fastq,forward
BS006,$PWDa/trimmed/I29379-L1_S254_L001_R1_001.fastq,forward
BS007,$PWDa/trimmed/I29380-L1_S255_L001_R1_001.fastq,forward
BS008,$PWDa/trimmed/I29381-L1_S256_L001_R1_001.fastq,forward
BS009,$PWDa/trimmed/I29382-L1_S257_L001_R1_001.fastq,forward
BS010,$PWDa/trimmed/I29383-L1_S258_L001_R1_001.fastq,forward
BS011,$PWDa/trimmed/I29384-L1_S259_L001_R1_001.fastq,forward
BS012,$PWDa/trimmed/I29385-L1_S260_L001_R1_001.fastq,forward
BS013,$PWDa/trimmed/I29386-L1_S261_L001_R1_001.fastq,forward
BS014,$PWDa/trimmed/I29387-L1_S262_L001_R1_001.fastq,forward
BS017,$PWDa/trimmed/I29390-L1_S265_L001_R1_001.fastq,forward
BS018,$PWDa/trimmed/I29391-L1_S266_L001_R1_001.fastq,forward
BS019,$PWDa/trimmed/I29392-L1_S267_L001_R1_001.fastq,forward
BS021,$PWDa/trimmed/I29393-L1_S268_L001_R1_001.fastq,forward
BS022,$PWDa/trimmed/I29394-L1_S269_L001_R1_001.fastq,forward
BS023,$PWDa/trimmed/I29395-L1_S270_L001_R1_001.fastq,forward
BS025,$PWDa/trimmed/I29396-L1_S271_L001_R1_001.fastq,forward
BS027,$PWDa/trimmed/I29398-L1_S273_L001_R1_001.fastq,forward
BS028,$PWDa/trimmed/I29399-L1_S274_L001_R1_001.fastq,forward
BS029,$PWDa/trimmed/I29400-L1_S275_L001_R1_001.fastq,forward
BS031,$PWDa/trimmed/I29401-L1_S276_L001_R1_001.fastq,forward
BS032,$PWDa/trimmed/I29402-L1_S277_L001_R1_001.fastq,forward
BS034,$PWDa/trimmed/I29404-L1_S279_L001_R1_001.fastq,forward
BS035,$PWDa/trimmed/I29406-L1_S281_L001_R1_001.fastq,forward
BS036,$PWDa/trimmed/I29407-L1_S282_L001_R1_001.fastq,forward
BS037,$PWDa/trimmed/I29408-L1_S283_L001_R1_001.fastq,forward
BS039,$PWDa/trimmed/I29410-L1_S285_L001_R1_001.fastq,forward
BS040,$PWDa/trimmed/I29414-L1_S289_L001_R1_001.fastq,forward
BS041,$PWDa/trimmed/I29415-L1_S290_L001_R1_001.fastq,forward
BS042,$PWDa/trimmed/I29416-L1_S291_L001_R1_001.fastq,forward
BS043,$PWDa/trimmed/I29417-L1_S292_L001_R1_001.fastq,forward
BS044,$PWDa/trimmed/I29418-L1_S293_L001_R1_001.fastq,forward
BS045,$PWDa/trimmed/I29419-L1_S294_L001_R1_001.fastq,forward
BS046,$PWDa/trimmed/I29420-L1_S295_L001_R1_001.fastq,forward
BS047,$PWDa/trimmed/I29421-L1_S296_L001_R1_001.fastq,forward
BS048,$PWDa/trimmed/I29422-L1_S297_L001_R1_001.fastq,forward
BS049,$PWDa/trimmed/I29423-L1_S298_L001_R1_001.fastq,forward
BS050,$PWDa/trimmed/I29424-L1_S299_L001_R1_001.fastq,forward
BS051,$PWDa/trimmed/I29425-L1_S300_L001_R1_001.fastq,forward
BS052,$PWDa/trimmed/I29426-L1_S301_L001_R1_001.fastq,forward
BS054,$PWDa/trimmed/I29428-L1_S303_L001_R1_001.fastq,forward
BS056,$PWDa/trimmed/I29430-L1_S305_L001_R1_001.fastq,forward
BS057,$PWDa/trimmed/I29431-L1_S306_L001_R1_001.fastq,forward
BS058,$PWDa/trimmed/I29432-L1_S307_L001_R1_001.fastq,forward
BS059,$PWDa/trimmed/I29433-L1_S308_L001_R1_001.fastq,forward
BS062,$PWDa/trimmed/I29436-L1_S311_L001_R1_001.fastq,forward
BS064,$PWDa/trimmed/I29438-L1_S313_L001_R1_001.fastq,forward
BS065,$PWDa/trimmed/I29439-L1_S314_L001_R1_001.fastq,forward
BS066,$PWDa/trimmed/I29440-L1_S315_L001_R1_001.fastq,forward
BS067,$PWDa/trimmed/I29441-L1_S316_L001_R1_001.fastq,forward
BS069,$PWDa/trimmed/I29443-L1_S318_L001_R1_001.fastq,forward
BS070,$PWDa/trimmed/I29444-L1_S319_L001_R1_001.fastq,forward
BS071,$PWDa/trimmed/I29445-L1_S320_L001_R1_001.fastq,forward
BS072,$PWDa/trimmed/I29446-L1_S321_L001_R1_001.fastq,forward
BS073,$PWDa/trimmed/I29447-L1_S322_L001_R1_001.fastq,forward
BS075,$PWDa/trimmed/I29449-L1_S324_L001_R1_001.fastq,forward
BS079,$PWDa/trimmed/I29453-L1_S328_L001_R1_001.fastq,forward
BS080,$PWDa/trimmed/I29454-L1_S329_L001_R1_001.fastq,forward
BS081,$PWDa/trimmed/I29455-L1_S330_L001_R1_001.fastq,forward
BS082,$PWDa/trimmed/I29456-L1_S331_L001_R1_001.fastq,forward
BS083,$PWDa/trimmed/I29457-L1_S332_L001_R1_001.fastq,forward
BS085,$PWDa/trimmed/I29459-L1_S334_L001_R1_001.fastq,forward
BS088,$PWDa/trimmed/I29463-L1_S338_L001_R1_001.fastq,forward
BS089,$PWDa/trimmed/I29464-L1_S339_L001_R1_001.fastq,forward
BS090,$PWDa/trimmed/I29465-L1_S340_L001_R1_001.fastq,forward
BS091,$PWDa/trimmed/I29466-L1_S341_L001_R1_001.fastq,forward
BS098,$PWDa/trimmed/I29472-L1_S347_L001_R1_001.fastq,forward
BS099,$PWDa/trimmed/I29473-L1_S348_L001_R1_001.fastq,forward
BS100,$PWDa/trimmed/I29474-L1_S349_L001_R1_001.fastq,forward
BS101,$PWDa/trimmed/I29475-L1_S350_L001_R1_001.fastq,forward
BS103,$PWDa/trimmed/I29476-L1_S351_L001_R1_001.fastq,forward
BS104,$PWDa/trimmed/I29477-L1_S352_L001_R1_001.fastq,forward
BS105,$PWDa/trimmed/I29478-L1_S353_L001_R1_001.fastq,forward
BS106,$PWDa/trimmed/I29479-L1_S354_L001_R1_001.fastq,forward
BS107,$PWDa/trimmed/I29480-L1_S355_L001_R1_001.fastq,forward
BS109,$PWDa/trimmed/I29482-L1_S357_L001_R1_001.fastq,forward
BS111,$PWDa/trimmed/I29484-L1_S359_L001_R1_001.fastq,forward
BS112,$PWDa/trimmed/I29485-L1_S360_L001_R1_001.fastq,forward
BS113,$PWDa/trimmed/I29486-L1_S361_L001_R1_001.fastq,forward
BS114,$PWDa/trimmed/I29487-L1_S362_L001_R1_001.fastq,forward
BS115,$PWDa/trimmed/I29488-L1_S363_L001_R1_001.fastq,forward
BS116,$PWDa/trimmed/I29489-L1_S364_L001_R1_001.fastq,forward
BS117,$PWDa/trimmed/I29490-L1_S365_L001_R1_001.fastq,forward
BS118,$PWDa/trimmed/I29491-L1_S366_L001_R1_001.fastq,forward
BS119,$PWDa/trimmed/I29492-L1_S367_L001_R1_001.fastq,forward
BS120,$PWDa/trimmed/I29493-L1_S368_L001_R1_001.fastq,forward
BS121,$PWDa/trimmed/I29494-L1_S369_L001_R1_001.fastq,forward
BS122,$PWDa/trimmed/I29495-L1_S370_L001_R1_001.fastq,forward
BS123,$PWDa/trimmed/I29496-L1_S371_L001_R1_001.fastq,forward
BS124,$PWDa/trimmed/I29497-L1_S372_L001_R1_001.fastq,forward
BS126,$PWDa/trimmed/I29499-L1_S374_L001_R1_001.fastq,forward
BS127,$PWDa/trimmed/I29500-L1_S375_L001_R1_001.fastq,forward
BS128,$PWDa/trimmed/I29502-L1_S377_L001_R1_001.fastq,forward
BS129,$PWDa/trimmed/I29503-L1_S378_L001_R1_001.fastq,forward
BS130,$PWDa/trimmed/I29504-L1_S379_L001_R1_001.fastq,forward
